x,y,"f(x,y)"
1,1,0.9886817611217711
1,2,-2.1783734014801603
1,3,-4.990115666496837
1,4,-8.073558941617895
1,5,-11.00514231171678
1,6,-13.85736765083461
1,7,-17.000063033645628
1,8,-19.984731780091785
1,9,-22.751708082688022
1,10,-25.781706836372
1,11,-29.141069998666875
1,12,-31.948942978440535
1,13,-34.74339048121368
1,14,-37.9414527406436
1,15,-41.02194301642125
1,16,-44.01482389602248
1,17,-46.99998982705451
1,18,-49.975401005459894
1,19,-53.070078083545646
1,20,-55.98508702807495
1,21,-59.08699847988603
1,22,-61.87308836808042
1,23,-65.03437413202654
1,24,-67.85836799058795
1,25,-71.08836409034275
1,26,-73.89903114273392
1,27,-76.80247541087739
1,28,-79.94505197286072
1,29,-82.98936433364803
1,30,-85.94969572441012
1,31,-88.98720267312632
1,32,-91.99498939556624
1,33,-95.07865325322338
1,34,-98.07977723902347
1,35,-100.97883634266782
1,36,-104.03774051134602
1,37,-107.04932366906448
1,38,-110.1500433352684
1,39,-112.87284908653623
1,40,-115.92896345077543
1,41,-118.98881889452119
1,42,-122.07683506487649
1,43,-124.91062637449731
1,44,-128.0177496622643
1,45,-130.95474386784085
1,46,-134.02015455191508
1,47,-137.03159338346052
1,48,-139.87904833782713
1,49,-142.87814607949272
2,1,26.23240733859883
2,2,20.13109173469312
2,3,14.092726838630366
2,4,8.04858361619959
2,5,2.0187499827438136
2,6,-4.039523719465939
2,7,-10.171622265983743
2,8,-16.020352895706907
2,9,-22.08427559263081
2,10,-28.006421637135706
2,11,-34.072145000037125
2,12,-40.01456376268954
2,13,-46.046827181950135
2,14,-52.04513330177484
2,15,-57.97533180797053
2,16,-64.05107663802232
2,17,-69.84921798351142
2,18,-75.93302999335872
2,19,-82.04522982653488
2,20,-87.87004219601248
2,21,-93.9803061678574
2,22,-100.05084090599972
2,23,-105.98869024995959
2,24,-112.06059048828972
2,25,-117.95522040714695
2,26,-123.99602390253614
2,27,-129.94664580350783
2,28,-135.98258354628143
2,29,-142.10715550634703
2,30,-147.936325075613
2,31,-154.08067939687234
2,32,-159.87013238523085
2,33,-165.92456752077652
2,34,-171.89340905019264
2,35,-177.89587583667893
2,36,-184.0250656249996
2,37,-189.8613372096593
2,38,-196.1224819505159
2,39,-202.07741204167058
2,40,-208.06550194722644
2,41,-213.96849495852328
2,42,-220.0107076171733
2,43,-225.91340109622942
2,44,-232.00735948691678
2,45,-237.79039060140988
2,46,-243.69371250939858
2,47,-249.95330468553232
2,48,-255.94567963691617
2,49,-261.9779510661603
3,1,98.99118936286439
3,2,89.85667528352185
3,3,80.70839705404043
3,4,71.92775683249795
3,5,62.976476448366185
3,6,54.04191278187013
3,7,45.080199180126904
3,8,35.91060771333026
3,9,27.045873505237974
3,10,17.84879843624973
3,11,9.079612075138119
3,12,0.06799729110537765
3,13,-8.927649059323036
3,14,-18.061893414186798
3,15,-26.90072879674327
3,16,-35.99097922303758
3,17,-45.02606337785703
3,18,-53.88501031094294
3,19,-62.98756414341374
3,20,-72.01301079246504
3,21,-81.0583456229397
3,22,-89.68626047258535
3,23,-98.96552480785454
3,24,-108.04750309236455
3,25,-116.9783220873301
3,26,-126.29416951159801
3,27,-135.05888361572875
3,28,-144.031126176146
3,29,-152.98758612557796
3,30,-162.0764989142654
3,31,-170.9247777423183
3,32,-179.88673210453888
3,33,-189.18995604129032
3,34,-197.71278633376443
3,35,-206.96827580755735
3,36,-215.8656497294985
3,37,-225.02072971226917
3,38,-233.96967749735362
3,39,-243.1927088643885
3,40,-252.02073621797058
3,41,-260.7771878365583
3,42,-270.0619965460455
3,43,-278.826119530825
3,44,-288.0853929034755
3,45,-297.0942473767241
3,46,-306.0258999635759
3,47,-315.010802669088
3,48,-324.13947251267535
3,49,-332.8608552652903
4,1,243.96115156455727
4,2,232.07008333126973
4,3,219.97907208414168
4,4,207.98715322728415
4,5,196.06507288529306
4,6,183.9179638618921
4,7,171.972994692508
4,8,159.9981070695391
4,9,147.77256075146974
4,10,135.8290158579695
4,11,124.1022511193399
4,12,112.01888534975922
4,13,100.1908032498702
4,14,88.02808445399458
4,15,76.1229679185997
4,16,64.06526248511712
4,17,51.86049794288682
4,18,40.110964492189154
4,19,28.03199277699534
4,20,15.987026246134741
4,21,4.136908845876591
4,22,-8.092971755013046
4,23,-20.023496942912477
4,24,-31.888829593741345
4,25,-43.92541839989169
4,26,-56.017716237024395
4,27,-68.02321819768802
4,28,-79.92476046561848
4,29,-92.13836466922113
4,30,-103.91908334031247
4,31,-115.88085901393185
4,32,-127.99947142986004
4,33,-139.79832070666993
4,34,-152.046575817282
4,35,-163.9939463354588
4,36,-175.89230365215542
4,37,-187.97616122218895
4,38,-200.11813033774095
4,39,-211.92318297714337
4,40,-224.09593243218413
4,41,-236.00105621164545
4,42,-248.05207558183662
4,43,-259.75379850632385
4,44,-271.9336604690935
4,45,-284.03609899738564
4,46,-295.9679692334985
4,47,-308.1546692374821
4,48,-319.8713026214272
4,49,-332.16048188744753
5,1,485.03034286515583
5,2,469.98432972141524
5,3,454.94934138741564
5,4,439.8352285829029
5,5,425.13222623734464
5,6,409.9749729718056
5,7,394.9570486123193
5,8,379.98054055452707
5,9,364.8907083407911
5,10,349.99697451798687
5,11,335.06680065747895
5,12,319.95769270278157
5,13,304.98354638499353
5,14,289.80105554398153
5,15,275.1354823814777
5,16,259.85196448919515
5,17,245.06473776972538
5,18,229.99949449661307
5,19,215.1323090374325
5,20,199.99477344749218
5,21,185.17529336737428
5,22,169.78962651166398
5,23,155.1302310544345
5,24,140.05568505878978
5,25,125.10454711727837
5,26,110.02282758293433
5,27,95.01304474606522
5,28,80.12899625724579
5,29,65.10142803924067
5,30,50.03957297877166
5,31,34.965170278587436
5,32,19.95004639844701
5,33,5.157700333598804
5,34,-9.961813045118316
5,35,-25.02025410711693
5,36,-39.85281729121282
5,37,-55.04454416841326
5,38,-70.14137723697614
5,39,-84.9490861625649
5,40,-100.00638841675946
5,41,-114.9477968607217
5,42,-130.14095999737702
5,43,-145.13205194337036
5,44,-159.99736737474944
5,45,-174.937397412127
5,46,-190.0396769662495
5,47,-204.88859063170753
5,48,-219.95967716497847
5,49,-234.78776728307446
6,1,845.8874700451415
6,2,827.9243560191061
6,3,810.0416414592503
6,4,792.0715385460471
6,5,774.130203258438
6,6,755.9626381464478
6,7,738.1451273318526
6,8,719.8296531210046
6,9,702.0204193384798
6,10,683.8953751948278
6,11,665.7862051379658
6,12,647.951150039343
6,13,630.0980044523453
6,14,612.0893857029195
6,15,594.3137845572144
6,16,576.0544854983403
6,17,558.1076439179242
6,18,540.0693290180855
6,19,522.120628906068
6,20,503.9541959097147
6,21,486.004164549038
6,22,468.1380492381165
6,23,449.99181692018425
6,24,432.0652493380371
6,25,413.9253220710126
6,26,395.8773322961026
6,27,377.9752779920189
6,28,360.08661731541724
6,29,342.018499840223
6,30,324.115914542257
6,31,305.9330789445212
6,32,288.1360291407587
6,33,269.9499410549139
6,34,252.09399642295625
6,35,234.03422622829513
6,36,215.90358351224714
6,37,198.1465754896648
6,38,180.03966342935666
6,39,162.0260151583974
6,40,143.9893397586812
6,41,125.99381433026723
6,42,107.9975027591375
6,43,90.10412340907227
6,44,72.04109000531767
6,45,54.09991332614919
6,46,36.02244116959733
6,47,17.961130846390528
6,48,-0.09780645164954889
6,49,-18.141387840095724
7,1,1351.1410189203873
7,2,1330.0090029916346
7,3,1309.1558809266714
7,4,1288.0533061621259
7,5,1266.7906693002394
7,6,1246.051112960936
7,7,1225.2645687501206
7,8,1203.793134162621
7,9,1183.0620719946214
7,10,1161.9168108797592
7,11,1141.0316937651673
7,12,1119.9069382369605
7,13,1099.1335416454592
7,14,1078.150642573043
7,15,1056.9072188017299
7,16,1035.9349241200975
7,17,1015.0676514190986
7,18,994.082643752935
7,19,973.0720482256864
7,20,951.8336550201022
7,21,930.960499141111
7,22,909.9955518720603
7,23,889.0655191778425
7,24,868.1996420971097
7,25,846.943263077029
7,26,826.2813704088583
7,27,804.9264809869702
7,28,784.0305904168454
7,29,763.0642607688561
7,30,741.9164964082505
7,31,721.0609426151168
7,32,699.8977318283465
7,33,678.8165680937913
7,34,658.070333103115
7,35,637.028545881071
7,36,616.0885236658764
7,37,594.983258328727
7,38,573.982755356472
7,39,553.1077365186153
7,40,532.0046663637526
7,41,510.9337712379565
7,42,490.0279984501358
7,43,469.023853323238
7,44,447.8896997054706
7,45,427.0782156090244
7,46,405.92346561238264
7,47,384.9931323083802
7,48,364.2179127093747
7,49,343.0537254706575
8,1,2023.9055061209203
8,2,2000.0971411382668
8,3,1975.8552043746106
8,4,1952.083465113649
8,5,1928.0406142876657
8,6,1904.01397076205
8,7,1880.135519344853
8,8,1856.0015864401112
8,9,1832.1104137678003
8,10,1807.964199635649
8,11,1784.0431267772963
8,12,1760.0594236403886
8,13,1736.0684385639443
8,14,1711.9406994122476
8,15,1688.0410119188905
8,16,1664.0176527743322
8,17,1640.133852855878
8,18,1615.9713571043626
8,19,1592.1552839562726
8,20,1568.0337062167155
8,21,1543.9772864898723
8,22,1519.9358164030264
8,23,1496.0237012021034
8,24,1472.0504056062823
8,25,1447.9745029028568
8,26,1423.921317604261
8,27,1399.9698456118476
8,28,1375.9541784341618
8,29,1351.8692552266841
8,30,1328.009534815248
8,31,1303.9882234199804
8,32,1280.043910011482
8,33,1256.169436864304
8,34,1231.8504637609312
8,35,1208.0532613107657
8,36,1184.1052169420173
8,37,1160.047544820626
8,38,1135.8653871914153
8,39,1111.9597732927944
8,40,1087.9007978844559
8,41,1063.9308535851756
8,42,1039.9888293305025
8,43,1016.0653873596864
8,44,991.9761149049763
8,45,967.9837000328076
8,46,943.9600577926531
8,47,919.9875545979359
8,48,895.985019728263
8,49,872.023611624517
9,1,2889.052916941818
9,2,2862.073411169431
9,3,2835.0908081955417
9,4,2807.950049836731
9,5,2781.037175479903
9,6,2753.9677178029283
9,7,2727.0044390960597
9,8,2700.0346272567213
9,9,2673.077394697844
9,10,2645.9933676620194
9,11,2618.957399839924
9,12,2591.945459527918
9,13,2564.899127108546
9,14,2538.2455726586786
9,15,2511.068315787236
9,16,2484.0150067474265
9,17,2457.1788349643753
9,18,2430.027188471735
9,19,2403.0659434727177
9,20,2376.0454612526373
9,21,2349.000567599409
9,22,2322.0405451645524
9,23,2294.9939459393195
9,24,2267.884927380221
9,25,2240.870919034801
9,26,2213.946999552106
9,27,2186.912219716995
9,28,2159.902746987503
9,29,2132.90519027747
9,30,2105.8441096915126
9,31,2078.9533095059173
9,32,2052.0341047876527
9,33,2025.1034750309225
9,34,1998.0261559553105
9,35,1971.0604859429202
9,36,1943.957562779486
9,37,1917.1184956960644
9,38,1889.9521134989361
9,39,1863.1802704087174
9,40,1836.047985204234
9,41,1809.0869260528507
9,42,1781.8551643841984
9,43,1755.0132840154527
9,44,1727.9823948610199
9,45,1700.9901324009152
9,46,1674.0195331044745
9,47,1646.941836150497
9,48,1620.093581036551
9,49,1592.9784731288005
10,1,3969.9870470574565
10,2,3939.8990273252703
10,3,3910.0429268929042
10,4,3879.952853158557
10,5,3849.9475519015937
10,6,3819.9155685809274
10,7,3790.012043362448
10,8,3760.0551391019244
10,9,3730.000020029169
10,10,3699.9060891346453
10,11,3670.2311079046917
10,12,3640.061649307408
10,13,3609.7656085911244
10,14,3579.9830928924994
10,15,3550.0963708515796
10,16,3519.9085670575
10,17,3489.8390648962304
10,18,3459.925615622464
10,19,3430.0264708920195
10,20,3399.9854051661846
10,21,3369.8714428164535
10,22,3340.121499679588
10,23,3310.095761064242
10,24,3279.985418572533
10,25,3250.011505953612
10,26,3220.0551930113993
10,27,3189.843823742932
10,28,3159.9307938909574
10,29,3130.098623224309
10,30,3100.0370896812656
10,31,3070.0174038913656
10,32,3040.11063953027
10,33,3010.08222211927
10,34,2979.920398596653
10,35,2950.028532390096
10,36,2919.8921244388703
10,37,2890.0555917583583
10,38,2860.12043778823
10,39,2830.153522788546
10,40,2799.944806725371
10,41,2770.0558214886564
10,42,2739.8469164744715
10,43,2709.9651659943424
10,44,2680.0439030127427
10,45,2650.075398850343
10,46,2619.8338884911536
10,47,2590.0040772078482
10,48,2559.9806769981933
10,49,2529.9491963661626
11,1,5290.903152753878
11,2,5257.897502918745
11,3,5225.0564762465265
11,4,5191.876981973564
11,5,5159.057477908185
11,6,5126.069267471402
11,7,5092.982607090427
11,8,5059.855861681862
11,9,5026.975909722624
11,10,4993.833398302093
11,11,4961.023719631741
11,12,4927.982051916117
11,13,4894.991995384587
11,14,4861.996391121145
11,15,4828.810034004637
11,16,4796.130783781918
11,17,4762.970889323872
11,18,4729.9303379141365
11,19,4697.070315911373
11,20,4664.009287204312
11,21,4630.883485297808
11,22,4598.0139208043765
11,23,4564.942220991589
11,24,4531.926158825353
11,25,4498.766534814921
11,26,4465.987291142878
11,27,4433.011875078988
11,28,4399.99014271411
11,29,4367.019021627036
11,30,4333.953999963425
11,31,4300.945610499478
11,32,4268.103450232867
11,33,4234.918774569104
11,34,4202.15602592299
11,35,4168.909941630356
11,36,4136.09020925924
11,37,4102.982413657781
11,38,4069.9475804004437
11,39,4037.00720672566
11,40,4004.1400934264047
11,41,3970.932047322558
11,42,3937.997323841598
11,43,3905.031201899123
11,44,3871.791476517593
11,45,3838.8796215295083
11,46,3806.1196447798816
11,47,3772.854389073279
11,48,3739.9289061916493
11,49,3706.9321589599913
12,1,6875.9299730093235
12,2,6840.094527899613
12,3,6804.216486033801
12,4,6767.764996709791
12,5,6732.049530156837
12,6,6695.898807485805
12,7,6659.875225009754
12,8,6623.969834595482
12,9,6587.964299229471
12,10,6551.968067289446
12,11,6515.919282607878
12,12,6480.078737374505
12,13,6444.013768639578
12,14,6408.052001336904
12,15,6372.078682831055
12,16,6335.98697830133
12,17,6299.958940675153
12,18,6263.980734438846
12,19,6228.002757427336
12,20,6191.918592003627
12,21,6155.833018138274
12,22,6119.920348065584
12,23,6083.889263174351
12,24,6048.126086114451
12,25,6012.018873743667
12,26,5976.094780348468
12,27,5939.976553923991
12,28,5903.959407634236
12,29,5868.07491983961
12,30,5832.067927442705
12,31,5795.861630906244
12,32,5759.975467508791
12,33,5723.94359972222
12,34,5687.81549764159
12,35,5652.1863607272035
12,36,5616.02070756959
12,37,5580.016745093014
12,38,5544.099547814002
12,39,5507.918894098613
12,40,5472.111339203943
12,41,5436.154538790646
12,42,5399.974126057682
12,43,5363.923191870506
12,44,5328.010719196041
12,45,5292.081648986141
12,46,5256.08529495116
12,47,5219.924224723979
12,48,5183.928742546527
12,49,5148.005280258991
13,1,8749.067545232409
13,2,8710.049413976161
13,3,8670.995846087984
13,4,8632.070219802983
13,5,8592.944641988068
13,6,8553.922763448265
13,7,8515.041339120642
13,8,8476.005789698562
13,9,8437.004724358416
13,10,8397.881014002054
13,11,8358.886391010807
13,12,8320.080529363799
13,13,8281.141782858662
13,14,8241.997838818483
13,15,8203.062977441063
13,16,8163.973955366865
13,17,8124.851235848984
13,18,8086.018613896906
13,19,8047.025500149808
13,20,8008.00484134944
13,21,7969.065260590143
13,22,7930.0316531732105
13,23,7890.882455887764
13,24,7851.976284465164
13,25,7812.976422303637
13,26,7774.113240792338
13,27,7735.172099589524
13,28,7696.028549398567
13,29,7656.8733177021195
13,30,7618.061877477984
13,31,7579.067667147666
13,32,7540.090473979034
13,33,7501.000000115229
13,34,7461.869549632193
13,35,7422.898534342909
13,36,7383.846966218774
13,37,7344.918924200805
13,38,7305.995482489987
13,39,7267.00810242189
13,40,7228.101499355867
13,41,7189.119388699383
13,42,7150.162543846487
13,43,7110.938605393631
13,44,7072.094840260594
13,45,7032.960544191622
13,46,6994.093781141822
13,47,6955.087361917119
13,48,6916.085079309836
13,49,6876.828795399117
14,1,10933.886150226443
14,2,10891.93858224448
14,3,10849.90516299976
14,4,10808.1047389689
14,5,10765.97695951898
14,6,10724.0886042558
14,7,10682.090879219013
14,8,10640.023983178045
14,9,10597.892353232002
14,10,10555.973719003474
14,11,10514.16152549896
14,12,10471.876641186343
14,13,10429.968825970023
14,14,10387.886877014691
14,15,10345.873416254733
14,16,10304.19080261987
14,17,10261.98216527003
14,18,10219.985311122526
14,19,10178.066063036658
14,20,10135.998682427178
14,21,10094.001395914029
14,22,10052.006197575267
14,23,10010.117411815596
14,24,9968.039637702354
14,25,9926.124714505531
14,26,9883.91045279253
14,27,9841.963357306877
14,28,9800.01810586937
14,29,9757.933291812486
14,30,9715.982767596171
14,31,9674.323118076423
14,32,9632.134544995695
14,33,9589.98922870185
14,34,9547.88485178691
14,35,9506.030587322643
14,36,9463.992841137962
14,37,9422.060977336143
14,38,9379.922544360219
14,39,9338.018569646454
14,40,9296.087875536934
14,41,9254.079650670266
14,42,9212.042674826756
14,43,9169.935989651955
14,44,9128.117701783865
14,45,9086.060050721195
14,46,9043.978316014007
14,47,9001.935203355652
14,48,8959.859273915317
14,49,8918.02871939699
15,1,13455.050752233501
15,2,13410.02403184006
15,3,13364.9839074854
15,4,13319.95502435644
15,5,13275.091855310819
15,6,13229.979244371358
15,7,13185.146968993482
15,8,13140.012743817977
15,9,13094.979211493835
15,10,13050.078040707587
15,11,13004.917936225396
15,12,12959.98349885756
15,13,12915.013360322493
15,14,12870.301467568728
15,15,12825.01154098469
15,16,12779.825967519175
15,17,12735.01972959045
15,18,12690.03125722449
15,19,12645.089423519326
15,20,12599.99176564852
15,21,12554.98547587826
15,22,12509.968062560707
15,23,12464.981914420934
15,24,12419.966416255162
15,25,12375.011992189382
15,26,12329.915986920676
15,27,12285.01511397409
15,28,12240.082830808651
15,29,12195.053560749408
15,30,12149.992824773466
15,31,12104.974785391309
15,32,12059.929247328178
15,33,12015.014917714858
15,34,11969.93232054511
15,35,11925.046579594224
15,36,11880.053195740738
15,37,11835.118899574676
15,38,11789.984996316074
15,39,11745.007940199794
15,40,11699.82956724772
15,41,11655.08171593203
15,42,11610.051940808014
15,43,11564.848717331117
15,44,11519.949651156532
15,45,11475.089255063855
15,46,11430.024413701509
15,47,11384.969607498599
15,48,11340.111271650843
15,49,11294.914899570149
16,1,16336.104930309728
16,2,16287.906377238052
16,3,16239.968599939622
16,4,16192.070075047157
16,5,16144.037833609576
16,6,16095.983430064298
16,7,16047.990821324813
16,8,15999.969313714593
16,9,15951.897825367876
16,10,15903.898984855703
16,11,15855.951545711745
16,12,15808.09000956924
16,13,15760.122038886826
16,14,15712.043029580496
16,15,15664.138092534857
16,16,15615.845976719396
16,17,15567.871007169608
16,18,15519.829041580857
16,19,15471.746380873772
16,20,15424.063039266835
16,21,15376.113268929974
16,22,15328.101943668353
16,23,15280.163924752751
16,24,15232.010204176902
16,25,15184.007663483071
16,26,15135.93170708323
16,27,15088.008579046065
16,28,15039.95141955972
16,29,14991.960055775484
16,30,14944.065629862636
16,31,14895.795931891582
16,32,14848.099938101359
16,33,14800.068787105412
16,34,14751.930869596326
16,35,14703.990171981846
16,36,14656.06757532775
16,37,14608.0517372327
16,38,14559.953420226817
16,39,14511.92178880804
16,40,14463.937613304162
16,41,14416.186239938319
16,42,14368.151039990998
16,43,14320.213303465845
16,44,14272.048399681842
16,45,14224.18907378494
16,46,14175.984843255315
16,47,14127.973567083662
16,48,14079.96747271317
16,49,14031.777254393297
17,1,19601.005108280588
17,2,19550.14802104035
17,3,19499.02935998239
17,4,19447.9715834672
17,5,19397.016924833933
17,6,19346.079460936973
17,7,19295.016676139232
17,8,19243.914419087174
17,9,19192.85600124289
17,10,19141.96520221047
17,11,19090.87455272699
17,12,19040.00126699665
17,13,18988.93485057117
17,14,18938.00507509669
17,15,18887.0450251404
17,16,18835.986006676794
17,17,18785.005747419957
17,18,18734.001371394843
17,19,18683.03434351519
17,20,18632.076078817638
17,21,18580.963613105752
17,22,18530.10301224611
17,23,18479.04737479598
17,24,18428.06232973252
17,25,18377.012134265093
17,26,18326.058586464263
17,27,18274.895432268753
17,28,18223.981666941363
17,29,18173.135041894777
17,30,18121.954012261234
17,31,18070.91187373572
17,32,18019.844653673405
17,33,17969.066890591665
17,34,17917.946264497677
17,35,17867.0870582632
17,36,17816.088512410355
17,37,17765.0736606723
17,38,17713.97204902782
17,39,17663.257064240566
17,40,17612.09584969618
17,41,17561.093572371403
17,42,17510.078985248303
17,43,17458.898235730758
17,44,17408.11809800545
17,45,17357.13804496202
17,46,17305.9459336962
17,47,17254.971056156886
17,48,17203.926819233908
17,49,17152.868951741708
18,1,23274.0591546914
18,2,23220.195325343786
18,3,23165.94547187836
18,4,23111.883147261477
18,5,23057.925009768132
18,6,23004.033746148358
18,7,22950.073087256846
18,8,22895.92275325934
18,9,22841.962495139935
18,10,22788.112064658402
18,11,22733.912574936512
18,12,22679.967367307276
18,13,22626.03693460648
18,14,22572.191286944504
18,15,22518.028780654742
18,16,22464.060804645756
18,17,22410.05629046921
18,18,22356.00328952787
18,19,22301.898604009926
18,20,22247.92935543894
18,21,22193.90207646586
18,22,22140.063813695946
18,23,22085.962024112854
18,24,22032.047513314003
18,25,21977.873887516675
18,26,21924.06047567178
18,27,21870.04946256226
18,28,21815.867388949067
18,29,21761.992909704193
18,30,21707.939683172826
18,31,21653.763129787476
18,32,21599.89038626399
18,33,21546.149226664624
18,34,21491.877459752155
18,35,21438.011404172103
18,36,21383.916265510128
18,37,21329.935624654532
18,38,21275.957950172342
18,39,21221.96481941154
18,40,21168.112277885877
18,41,21114.110328897645
18,42,21060.01017176851
18,43,21005.990335028928
18,44,20951.9467752236
18,45,20897.99096206487
18,46,20844.021806838162
18,47,20790.17824572436
18,48,20736.149091872438
18,49,20681.93848686729
19,1,27378.896367606656
19,2,27321.981911879997
19,3,27265.139936050004
19,4,27208.096516653266
19,5,27151.017230447465
19,6,27093.959786424635
19,7,27037.064305421267
19,8,26979.98354189493
19,9,26922.971864100156
19,10,26866.002498686383
19,11,26808.947962620372
19,12,26751.994909226403
19,13,26694.964943052055
19,14,26637.779065159884
19,15,26581.1258330133
19,16,26524.117557899463
19,17,26466.785888007063
19,18,26409.91405134882
19,19,26352.893668649733
19,20,26296.02797516821
19,21,26239.05631232147
19,22,26182.089455284287
19,23,26124.922649601576
19,24,26067.978492793256
19,25,26010.969512233816
19,26,25953.77585813244
19,27,25897.072438768446
19,28,25839.937021591766
19,29,25782.978990630076
19,30,25726.12451173609
19,31,25668.926579353603
19,32,25611.90160714562
19,33,25554.955912045232
19,34,25498.016817142852
19,35,25440.92776364625
19,36,25384.06567949801
19,37,25326.830696647423
19,38,25270.010598046174
19,39,25213.160753418055
19,40,25156.119336433934
19,41,25099.14247768277
19,42,25041.909721691918
19,43,24984.9975737124
19,44,24928.026648727355
19,45,24870.815032034956
19,46,24813.893838044096
19,47,24756.96889268463
19,48,24699.92635506094
19,49,24642.974353702448
20,1,31940.121936534273
20,2,31879.942729743823
20,3,31820.000522104743
20,4,31759.863944291068
20,5,31699.84135183729
20,6,31639.98845210077
20,7,31580.270770327472
20,8,31520.167466841034
20,9,31460.059469017684
20,10,31400.08950650273
20,11,31340.090581407487
20,12,31279.96637012605
20,13,31219.9395022842
20,14,31160.14102460174
20,15,31100.177123862853
20,16,31040.010622621383
20,17,30980.017823227136
20,18,30919.727448117213
20,19,30859.72011385542
20,20,30800.013342171795
20,21,30740.01742602631
20,22,30679.9244909559
20,23,30619.959477133158
20,24,30560.115761041314
20,25,30499.902787991774
20,26,30439.938567191926
20,27,30380.03397098602
20,28,30320.010213461865
20,29,30260.153175785887
20,30,30200.0223950058
20,31,30140.057836522938
20,32,30079.948179393952
20,33,30020.104150740473
20,34,29960.123554673795
20,35,29900.01219680846
20,36,29840.072656297245
20,37,29779.960588178998
20,38,29720.069749433093
20,39,29660.054980633646
20,40,29599.926469696566
20,41,29540.02916741954
20,42,29480.157003080636
20,43,29419.97519772292
20,44,29360.011326385873
20,45,29299.932496221812
20,46,29239.84023945424
20,47,29179.858101020818
20,48,29119.981296788035
20,49,29059.89997385172
21,1,36981.07587439369
21,2,36917.94008930301
21,3,36855.103576502865
21,4,36791.98256159087
21,5,36729.06023799067
21,6,36665.98706324687
21,7,36602.902274854525
21,8,36540.1782340739
21,9,36476.97273269981
21,10,36413.99054087648
21,11,36351.04320021296
21,12,36287.98483455263
21,13,36225.029396750586
21,14,36161.89250064494
21,15,36099.16681866757
21,16,36036.04923433232
21,17,35973.0428767534
21,18,35910.11821556957
21,19,35846.991795576425
21,20,35784.01159113508
21,21,35720.896528883815
21,22,35658.10872956445
21,23,35595.18767326946
21,24,35531.96363919628
21,25,35469.07912904205
21,26,35405.99456395107
21,27,35343.050778714656
21,28,35280.06558457059
21,29,35216.928959497935
21,30,35153.82329059717
21,31,35090.975743278315
21,32,35028.01258700254
21,33,34965.12701342843
21,34,34901.998197953784
21,35,34838.830606130716
21,36,34776.0132776421
21,37,34712.96059284595
21,38,34650.01014308508
21,39,34586.707659749176
21,40,34524.06839517509
21,41,34461.113954511144
21,42,34397.978974721555
21,43,34335.06800870816
21,44,34271.90039126705
21,45,34208.881181930905
21,46,34146.04141024123
21,47,34083.12649397577
21,48,34020.00541776027
21,49,33957.03986183552
22,1,42525.89733995314
22,2,42459.976950603144
22,3,42393.976428332884
22,4,42328.00372097276
22,5,42262.02010914595
22,6,42196.03822495375
22,7,42129.95689360302
22,8,42064.01042671579
22,9,41997.92830796607
22,10,41931.92259782238
22,11,41866.05905426251
22,12,41800.22421141785
22,13,41734.02040355036
22,14,41667.95569625527
22,15,41601.96975918259
22,16,41535.9328172068
22,17,41469.90062582699
22,18,41403.86788599624
22,19,41337.976842356016
22,20,41271.949392564304
22,21,41206.09965940596
22,22,41140.04773594756
22,23,41074.03042465401
22,24,41007.99207861535
22,25,40942.1211971224
22,26,40875.92228769311
22,27,40810.10211529958
22,28,40744.010926842275
22,29,40677.86221711231
22,30,40612.048651095734
22,31,40545.93966370113
22,32,40480.03237873534
22,33,40414.07139801842
22,34,40347.995712687814
22,35,40281.81213202896
22,36,40216.083861892585
22,37,40150.10154086149
22,38,40083.8367877821
22,39,40017.99496080453
22,40,39951.985997194926
22,41,39886.02637624286
22,42,39819.975280147344
22,43,39754.10838346248
22,44,39688.14611038578
22,45,39622.08718375826
22,46,39555.82739131793
22,47,39490.04911532583
22,48,39424.04519356107
22,49,39357.99129559359
23,1,48598.86861461817
23,2,48530.06763752929
23,3,48460.9127841824
23,4,48392.115976655776
23,5,48323.08410669079
23,6,48254.044210874745
23,7,48184.98280009818
23,8,48116.19476425088
23,9,48047.067259697156
23,10,47978.00989544022
23,11,47908.9217906793
23,12,47839.84575686763
23,13,47770.98541324295
23,14,47701.87460836615
23,15,47632.897261916885
23,16,47564.02272855646
23,17,47494.848971794585
23,18,47426.01571637342
23,19,47356.90641206124
23,20,47288.11286844111
23,21,47219.18022645812
23,22,47149.997865297366
23,23,47081.016550729924
23,24,47012.1728163321
23,25,46943.02645862939
23,26,46874.13786828783
23,27,46804.99568305936
23,28,46735.93892761516
23,29,46666.93659610884
23,30,46598.065641204856
23,31,46529.052883174576
23,32,46459.87052418435
23,33,46391.08700437862
23,34,46321.80610932102
23,35,46252.93139370182
23,36,46183.91603987419
23,37,46115.18753409365
23,38,46046.14237810185
23,39,45977.02021049724
23,40,45907.8930663455
23,41,45838.97862087424
23,42,45770.03067887623
23,43,45700.97740467311
23,44,45632.0080694795
23,45,45563.19317521002
23,46,45494.14689007887
23,47,45425.02786822982
23,48,45355.91160316556
23,49,45286.778629015
24,1,55223.82010968164
24,2,55152.06303199242
24,3,55079.98405016108
24,4,55007.934215559835
24,5,54935.99358122342
24,6,54863.848487515446
24,7,54792.04831976052
24,8,54719.94877229558
24,9,54647.83752010467
24,10,54576.147303911894
24,11,54504.15179607145
24,12,54432.02224333758
24,13,54359.97386550185
24,14,54287.965740106956
24,15,54216.131201271564
24,16,54143.987562214876
24,17,54072.008768513915
24,18,54000.06957655349
24,19,53928.086339499336
24,20,53855.87739446893
24,21,53784.1217821029
24,22,53712.15009486814
24,23,53639.85532041308
24,24,53567.93041229553
24,25,53495.907487467084
24,26,53424.119055881965
24,27,53352.097895016006
24,28,53280.120914589126
24,29,53208.10163478852
24,30,53135.96150582246
24,31,53064.08916028184
24,32,52992.1629564885
24,33,52920.197744978075
24,34,52847.8905763347
24,35,52775.910922786985
24,36,52703.95553182262
24,37,52632.04150085249
24,38,52560.036810482576
24,39,52488.065134813594
24,40,52415.81265823156
24,41,52344.08773425773
24,42,52272.120149892915
24,43,52199.930442060795
24,44,52127.957107069546
24,45,52056.10082105381
24,46,51984.012399057385
24,47,51911.98439424401
24,48,51839.86497871846
24,49,51767.90784853293
25,1,62425.06781748763
25,2,62350.16009695601
25,3,62275.018185653214
25,4,62200.00392747507
25,5,62125.026087126076
25,6,62050.118778715885
25,7,61974.78123733744
25,8,61900.03796632879
25,9,61825.040770740015
25,10,61750.1270756015
25,11,61674.92711955837
25,12,61600.04755430615
25,13,61525.019831212165
25,14,61450.07355469803
25,15,61374.95116239555
25,16,61299.95017764429
25,17,61224.99103533241
25,18,61149.92579048816
25,19,61074.956625563434
25,20,61000.02061451643
25,21,60924.85710216414
25,22,60849.9224969886
25,23,60774.95116833862
25,24,60699.99196954185
25,25,60625.15945698314
25,26,60550.1616424596
25,27,60474.87053639861
25,28,60399.892115346716
25,29,60324.87997463297
25,30,60250.19438805588
25,31,60175.02991525138
25,32,60100.02541784035
25,33,60025.02866186972
25,34,59950.06772752898
25,35,59875.201483331955
25,36,59800.03400548101
25,37,59725.155613276016
25,38,59649.98143251458
25,39,59574.88012651023
25,40,59500.0336455904
25,41,59424.98845216448
25,42,59349.89840160532
25,43,59275.08830913298
25,44,59200.048945554496
25,45,59125.026416772846
25,46,59050.113692342595
25,47,58974.74726125647
25,48,58899.917237558606
25,49,58825.01179742414
26,1,70225.72227129628
26,2,70147.98007534938
26,3,70070.07262447433
26,4,69992.00024775119
26,5,69913.9558622421
26,6,69836.00149517819
26,7,69758.22151383279
26,8,69679.87912240582
26,9,69602.05442280571
26,10,69523.99822435799
26,11,69445.96503227047
26,12,69368.08297502725
26,13,69289.75320028786
26,14,69212.02730945974
26,15,69134.08247091333
26,16,69055.9549078622
26,17,68977.90530665305
26,18,68899.97842124931
26,19,68822.05517441312
26,20,68744.04064749497
26,21,68666.2267902457
26,22,68587.85302649582
26,23,68509.98844288202
26,24,68431.92290625352
26,25,68353.88521582852
26,26,68275.856302236
26,27,68197.99898467763
26,28,68119.92575624392
26,29,68042.15102947534
26,30,67964.02711678507
26,31,67886.16504159605
26,32,67808.12568325298
26,33,67730.06598239418
26,34,67652.01790262555
26,35,67573.94489642212
26,36,67495.94019946188
26,37,67417.94844667021
26,38,67339.98171717912
26,39,67261.96752346668
26,40,67184.02545820795
26,41,67106.01794583396
26,42,67028.09105462761
26,43,66949.79704630541
26,44,66871.92957147589
26,45,66794.10400625877
26,46,66716.20446540369
26,47,66637.96531750813
26,48,66560.05131020688
26,49,66482.05016942989
27,1,78650.99018471118
27,2,78570.0837809098
27,3,78488.92758470579
27,4,78408.04938007522
27,5,78327.03207815059
27,6,78245.97691785911
27,7,78164.95884353264
27,8,78083.95143497658
27,9,78003.09990536586
27,10,77922.01425251419
27,11,77841.03091200655
27,12,77759.92231763882
27,13,77678.97572239056
27,14,77597.96845363577
27,15,77517.0564071008
27,16,77436.13234141185
27,17,77354.906586446
27,18,77273.84647267214
27,19,77193.02610463506
27,20,77111.9792028351
27,21,77031.05658834284
27,22,76949.92528915805
27,23,76868.91059412698
27,24,76788.03601463696
27,25,76706.9888892978
27,26,76625.98314759975
27,27,76545.14983323166
27,28,76463.93917907708
27,29,76382.81699904424
27,30,76302.03296211631
27,31,76221.09060249115
27,32,76140.03616546805
27,33,76058.9969266454
27,34,75977.97191178029
27,35,75896.9328336834
27,36,75815.9838151704
27,37,75734.87705857803
27,38,75654.06877974852
27,39,75572.97691325402
27,40,75491.98168340034
27,41,75410.95258242576
27,42,75329.98108836918
27,43,75248.99765698433
27,44,75168.05963511785
27,45,75087.06470768749
27,46,75006.01201339425
27,47,74925.21121583892
27,48,74843.81607592489
27,49,74763.09963317435
28,1,87724.07884179243
28,2,87639.94392382387
28,3,87556.08939855779
28,4,87472.06286644087
28,5,87388.00684570227
28,6,87303.99722735274
28,7,87220.06462601053
28,8,87136.08257654603
28,9,87052.0669231359
28,10,86968.28538926136
28,11,86884.02834856077
28,12,86800.13078319984
28,13,86715.90948729175
28,14,86631.92180166281
28,15,86548.04874308154
28,16,86464.03940643817
28,17,86379.99690416969
28,18,86295.96175866964
28,19,86211.92766389411
28,20,86127.88145820909
28,21,86043.9430933814
28,22,85959.88840086378
28,23,85875.92978971518
28,24,85791.98167290387
28,25,85707.89021733713
28,26,85624.0326344104
28,27,85539.80002317505
28,28,85456.01307909128
28,29,85372.03797091862
28,30,85287.98375035301
28,31,85203.84733003528
28,32,85120.1845146294
28,33,85036.16682526101
28,34,84951.92896341487
28,35,84867.87633573699
28,36,84784.01206254557
28,37,84699.84122876184
28,38,84615.89492417357
28,39,84531.9294684971
28,40,84447.91348566565
28,41,84364.03823948497
28,42,84279.79582238373
28,43,84195.94232882718
28,44,84111.98038368291
28,45,84027.95399984039
28,46,83943.96809317214
28,47,83859.98749455062
28,48,83776.074226852
28,49,83691.93012532058
29,1,97468.77856123533
29,2,97382.0759026677
29,3,97295.06497794882
29,4,97207.89287679282
29,5,97121.14296702766
29,6,97033.9689399981
29,7,96947.03482239075
29,8,96860.08325303308
29,9,96772.86776670055
29,10,96686.17152294342
29,11,96598.87585238465
29,12,96512.10857761276
29,13,96424.96944578172
29,14,96338.0814491256
29,15,96251.12195299545
29,16,96164.03456305414
29,17,96077.07955298429
29,18,95990.13078138599
29,19,95902.86625905748
29,20,95816.07873574732
29,21,95729.08559748692
29,22,95642.03060331337
29,23,95554.85190885354
29,24,95468.08471428517
29,25,95381.15810468451
29,26,95294.22561064667
29,27,95207.21526647612
29,28,95120.02025048787
29,29,95033.06458867845
29,30,94945.97935133465
29,31,94859.00625677235
29,32,94772.14910938287
29,33,94684.89451084728
29,34,94598.02654085621
29,35,94510.93116833568
29,36,94424.22845263351
29,37,94336.81843475947
29,38,94249.79799441177
29,39,94163.02265234193
29,40,94075.9282185717
29,41,93988.77213568825
29,42,93901.93787996481
29,43,93814.94114487064
29,44,93728.06478839544
29,45,93641.06705112768
29,46,93553.8754757095
29,47,93467.09605880207
29,48,93379.94681275538
29,49,93292.95874110985
30,1,107909.95120084361
30,2,107820.0313438649
30,3,107729.9295227166
30,4,107639.96656103856
30,5,107550.03355977322
30,6,107460.0970156582
30,7,107370.06228737155
30,8,107279.78053039985
30,9,107189.99460706004
30,10,107099.93096948677
30,11,107010.00573993179
30,12,106920.03922195299
30,13,106829.87201860058
30,14,106740.13139677899
30,15,106650.0171831165
30,16,106559.96152116632
30,17,106470.02035923091
30,18,106379.91641915841
30,19,106290.00370197404
30,20,106200.04024322482
30,21,106109.8726273867
30,22,106019.98094957945
30,23,105929.83071197994
30,24,105840.06546218492
30,25,105750.08293788253
30,26,105659.94483446333
30,27,105570.11175876512
30,28,105480.07662333942
30,29,105389.86417024427
30,30,105299.9872926177
30,31,105210.00230443438
30,32,105120.08440010608
30,33,105030.06936405701
30,34,104939.97387166102
30,35,104849.90253836449
30,36,104760.22603740949
30,37,104669.96439242938
30,38,104580.0905379519
30,39,104490.04881694785
30,40,104400.00483500956
30,41,104309.90332878068
30,42,104220.08782875037
30,43,104129.93458991472
30,44,104039.92641212215
30,45,103950.0459090781
30,46,103859.91577107624
30,47,103769.82642111281
30,48,103680.07154294125
30,49,103589.89461217452
31,1,119070.99379247302
31,2,118978.08071225326
31,3,118885.11942389706
31,4,118791.95173073118
31,5,118699.1216757957
31,6,118605.79341306756
31,7,118513.01323728776
31,8,118419.95833109389
31,9,118327.04180292913
31,10,118234.03953601565
31,11,118140.98835001605
31,12,118047.88727556118
31,13,117954.74821008978
31,14,117861.874051452
31,15,117769.07132561135
31,16,117675.8093384681
31,17,117582.90393396377
31,18,117489.98608298485
31,19,117396.95087828301
31,20,117303.90487703426
31,21,117210.86753808275
31,22,117118.00626013918
31,23,117024.9357411884
31,24,116932.03846343943
31,25,116838.95874715371
31,26,116746.28764140437
31,27,116652.8780251863
31,28,116559.94817642125
31,29,116467.01428859883
31,30,116374.02702345565
31,31,116280.77226584897
31,32,116187.92976041246
31,33,116094.90444301759
31,34,116001.79641578467
31,35,115908.97696561551
31,36,115815.97783442351
31,37,115723.09661891333
31,38,115630.01909025811
31,39,115537.03851867521
31,40,115443.95667292082
31,41,115350.96472061943
31,42,115258.1139768923
31,43,115164.87009054114
31,44,115071.85928221661
31,45,114979.14832420404
31,46,114886.06043644655
31,47,114792.873370541
31,48,114700.05774204372
31,49,114607.08906642812
32,1,130975.94544879811
32,2,130880.0771009529
32,3,130784.06946476553
32,4,130688.24917007837
32,5,130591.9832456386
32,6,130496.09262228498
32,7,130399.92191636306
32,8,130304.06474056789
32,9,130207.99704919061
32,10,130111.95117424619
32,11,130016.18312336721
32,12,129920.06210993168
32,13,129824.05468650546
32,14,129728.20982852725
32,15,129631.93311693157
32,16,129535.85704022269
32,17,129439.96932566572
32,18,129343.95523247868
32,19,129248.15761998756
32,20,129152.07427111393
32,21,129056.03143341487
32,22,128960.00534353904
32,23,128864.00497218603
32,24,128768.10703176675
32,25,128671.91369790927
32,26,128576.02266445577
32,27,128479.88458465016
32,28,128383.93100077439
32,29,128288.05849092329
32,30,128192.10346745793
32,31,128095.90170517283
32,32,128000.0495927815
32,33,127903.94944281089
32,34,127807.99382685302
32,35,127711.97423667744
32,36,127615.87298409609
32,37,127519.99307210934
32,38,127424.04633408302
32,39,127328.04847636775
32,40,127231.91490651289
32,41,127135.87467374929
32,42,127039.90995258257
32,43,126943.89290772068
32,44,126847.84094116656
32,45,126751.89478739724
32,46,126656.03327175122
32,47,126560.1504815041
32,48,126463.8905570681
32,49,126368.02363313477
33,1,143649.20897339488
33,2,143549.9194286596
33,3,143450.90234422154
33,4,143351.8563176211
33,5,143253.024613198
33,6,143154.06352511354
33,7,143055.26353684062
33,8,142955.95785836337
33,9,142856.86048677866
33,10,142757.95474490212
33,11,142658.87267179257
33,12,142559.984855301
33,13,142461.22364252005
33,14,142362.0439630355
33,15,142262.99527635123
33,16,142163.99104751792
33,17,142065.19106893675
33,18,141966.04875137852
33,19,141866.98967392274
33,20,141768.08888969847
33,21,141669.02725619834
33,22,141569.96541560284
33,23,141470.95222567988
33,24,141372.02340441165
33,25,141273.10047161434
33,26,141173.90085635832
33,27,141075.12958017236
33,28,140975.95750807636
33,29,140876.95449317934
33,30,140778.07110570403
33,31,140679.0726736112
33,32,140579.977177887
33,33,140481.11250417502
33,34,140382.01034985855
33,35,140283.25895232914
33,36,140184.11742779528
33,37,140084.91913882407
33,38,139985.89412453427
33,39,139886.89208595853
33,40,139788.0598187541
33,41,139689.07633202363
33,42,139589.92386678263
33,43,139490.78933806013
33,44,139391.8381838174
33,45,139292.84221094544
33,46,139193.97671737752
33,47,139094.93087354244
33,48,138995.88397661172
33,49,138897.01095049747
34,1,157114.063615715
34,2,157012.038427751
34,3,156910.0130755811
34,4,156807.9047683357
34,5,156705.86465047213
34,6,156604.04870285702
34,7,156501.94706950508
34,8,156399.94013920115
34,9,156297.94814392758
34,10,156196.01591174002
34,11,156094.0234877076
34,12,155991.95114686474
34,13,155889.93967342033
34,14,155788.08855597116
34,15,155685.80234975697
34,16,155584.0255309622
34,17,155481.91227971052
34,18,155380.09998899017
34,19,155277.90111168212
34,20,155176.0958369344
34,21,155074.06518586108
34,22,154971.9590524066
34,23,154870.03515829923
34,24,154767.83221831504
34,25,154666.03338460214
34,26,154564.08339388543
34,27,154462.04410189783
34,28,154359.91586651962
34,29,154258.1021180047
34,30,154156.05105487967
34,31,154054.09070125097
34,32,153951.93256955835
34,33,153850.04199352209
34,34,153747.96787505216
34,35,153646.12196322405
34,36,153543.8744488742
34,37,153442.00583101687
34,38,153340.15656258803
34,39,153238.1205262926
34,40,153136.13894544388
34,41,153033.97839561122
34,42,152932.0210873921
34,43,152830.0938411149
34,44,152728.07442102776
34,45,152626.08791462582
34,46,152523.90199560043
34,47,152422.05310659122
34,48,152319.8624997137
34,49,152218.17605073887
35,1,171394.79166614468
35,2,171290.14209308382
35,3,171185.1074513749
35,4,171080.0047356162
35,5,170975.1386826279
35,6,170870.09404558592
35,7,170764.99175882494
35,8,170660.1442496167
35,9,170554.90316000194
35,10,170450.0646368844
35,11,170344.87093099355
35,12,170240.08015187274
35,13,170134.92738944065
35,14,170030.06084838405
35,15,169925.01717146236
35,16,169819.94554799577
35,17,169714.95618982092
35,18,169609.98276167826
35,19,169504.87930137766
35,20,169400.03113752828
35,21,169295.04772319476
35,22,169189.86850150125
35,23,169084.96598087245
35,24,168980.09095834577
35,25,168874.89229343468
35,26,168770.09571143036
35,27,168664.9115239645
35,28,168559.99678125582
35,29,168454.85075141588
35,30,168350.02180995588
35,31,168244.98775649522
35,32,168139.88468483786
35,33,168035.1050993704
35,34,167930.0176289113
35,35,167824.9551361812
35,36,167720.07254241177
35,37,167614.9509252112
35,38,167510.01043728122
35,39,167405.01650022602
35,40,167300.08484347584
35,41,167194.97023640227
35,42,167090.07644218733
35,43,166985.0388802965
35,44,166879.87953524303
35,45,166774.8429545698
35,46,166670.01772620014
35,47,166565.0652954615
35,48,166459.99707783997
35,49,166354.86592537904
36,1,186515.9146635572
36,2,186407.88310096183
36,3,186299.86540284433
36,4,186192.09990321798
36,5,186083.7673000893
36,6,185975.9183570322
36,7,185868.12087942997
36,8,185759.87768161402
36,9,185652.0068945519
36,10,185544.0159615879
36,11,185436.29393220926
36,12,185328.06244366034
36,13,185219.9716568525
36,14,185112.14554589262
36,15,185004.03923769618
36,16,184895.88291605085
36,17,184788.06096657924
36,18,184679.9510226395
36,19,184571.92208179113
36,20,184464.04972243868
36,21,184355.9622552778
36,22,184248.0362745257
36,23,184140.0247910725
36,24,184031.91809406344
36,25,183924.10831513192
36,26,183815.95092511305
36,27,183707.95817801775
36,28,183600.05521165498
36,29,183492.0741462076
36,30,183384.1226139918
36,31,183276.03256701923
36,32,183167.94571732834
36,33,183060.0111164439
36,34,182952.1327194588
36,35,182843.94839695492
36,36,182736.02729972024
36,37,182627.93541330285
36,38,182520.01357970873
36,39,182411.85883513468
36,40,182304.00565610337
36,41,182196.15364206885
36,42,182088.00137185314
36,43,181979.99582409166
36,44,181871.80677079118
36,45,181764.01094421122
36,46,181656.00212198822
36,47,181547.79777650093
36,48,181440.00228246555
36,49,181332.1025484002
37,1,202501.0701546119
37,2,202389.90238683124
37,3,202278.99942483226
37,4,202168.03030053296
37,5,202057.03921633447
37,6,201946.035371491
37,7,201835.0565516388
37,8,201723.90489091768
37,9,201613.16034935619
37,10,201501.87750986594
37,11,201391.13097728544
37,12,201279.80182077282
37,13,201168.84435339706
37,14,201057.88047836535
37,15,200946.92582982164
37,16,200836.02762144973
37,17,200724.99680657688
37,18,200613.9320542011
37,19,200503.03722393484
37,20,200391.9818825663
37,21,200281.08829293662
37,22,200169.8554163401
37,23,200058.9010170142
37,24,199947.96853218158
37,25,199836.82140393744
37,26,199725.96807746252
37,27,199615.11832166568
37,28,199503.90973163335
37,29,199392.95172281825
37,30,199281.89709044408
37,31,199170.84122382884
37,32,199060.04864366038
37,33,198949.02983781946
37,34,198838.06822350918
37,35,198727.0337698873
37,36,198615.92541921482
37,37,198505.13325619837
37,38,198393.9690859512
37,39,198282.98825669894
37,40,198172.0057888986
37,41,198061.1728899192
37,42,197950.043260142
37,43,197839.2155278312
37,44,197728.12317028924
37,45,197617.07513236444
37,46,197505.99648392436
37,47,197395.06709971576
37,48,197284.01160865303
37,49,197173.0531103845
38,1,219373.99976578727
38,2,219259.77672677746
38,3,219145.93836692887
38,4,219031.90108900052
38,5,218918.04584231388
38,6,218803.8196319993
38,7,218689.82506908826
38,8,218576.05257636958
38,9,218462.02516425564
38,10,218347.98759545918
38,11,218233.91432961923
38,12,218120.189297432
38,13,218006.01410028583
38,14,217891.82457820128
38,15,217778.0224944084
38,16,217664.14544179256
38,17,217550.03169077166
38,18,217436.0504342133
38,19,217322.03047001013
38,20,217207.8886554025
38,21,217094.1180895594
38,22,216980.0054824594
38,23,216866.11705107227
38,24,216751.9168651351
38,25,216638.0751703996
38,26,216524.003743706
38,27,216410.05798333502
38,28,216296.00773369233
38,29,216182.04026842944
38,30,216068.0915106972
38,31,215954.15353711037
38,32,215840.0390501861
38,33,215726.03062739669
38,34,215611.91342673436
38,35,215497.9644711545
38,36,215384.10706440167
38,37,215269.89385439744
38,38,215155.99254103197
38,39,215041.8504298692
38,40,214927.8218444388
38,41,214814.02818884517
38,42,214700.0315672849
38,43,214586.08469634375
38,44,214471.82996856337
38,45,214358.10352758568
38,46,214244.04059173196
38,47,214129.8913662852
38,48,214016.01398928944
38,49,213902.0645556969
39,1,237158.8650297904
39,2,237041.8919871907
39,3,236925.133564379
39,4,236808.1792456341
39,5,236691.1211087276
39,6,236574.112763885
39,7,236457.02240285874
39,8,236339.91756180383
39,9,236222.9086608558
39,10,236105.91439559747
39,11,235988.9589779669
39,12,235872.12240553647
39,13,235755.2330720171
39,14,235638.0046787648
39,15,235521.1150129012
39,16,235403.8870240448
39,17,235286.90156101354
39,18,235170.02649974343
39,19,235053.0967035706
39,20,234935.92657577447
39,21,234819.01293259
39,22,234702.06421615626
39,23,234585.07142922038
39,24,234468.0365339315
39,25,234351.06979137374
39,26,234233.95834723194
39,27,234116.88364509834
39,28,234000.06675335448
39,29,233883.10988623693
39,30,233766.03601569892
39,31,233648.9353022595
39,32,233531.94660163272
39,33,233414.88273222954
39,34,233298.12469749252
39,35,233180.79015192113
39,36,233064.06514494517
39,37,232947.03612605488
39,38,232829.9096825782
39,39,232712.93493970032
39,40,232595.95906680875
39,41,232479.0093849107
39,42,232362.06632628912
39,43,232244.99379099315
39,44,232127.85356863035
39,45,232010.78890915078
39,46,231894.1320704769
39,47,231776.9346899074
39,48,231659.9719973338
39,49,231543.0790228687
40,1,255879.916176462
40,2,255759.8797180506
40,3,255640.0672819506
40,4,255520.1896685583
40,5,255399.87273331426
40,6,255279.94063598933
40,7,255159.90930227103
40,8,255040.11339720766
40,9,254919.9407728755
40,10,254800.0098537918
40,11,254680.0018738448
40,12,254559.9070483174
40,13,254440.09346244964
40,14,254319.9437584377
40,15,254200.01018676997
40,16,254080.0368943224
40,17,253960.01190046448
40,18,253840.00732274482
40,19,253720.10089100845
40,20,253599.90104356065
40,21,253480.2042516438
40,22,253359.86287065185
40,23,253239.9400221253
40,24,253120.04260890107
40,25,253000.1357171773
40,26,252880.1356571941
40,27,252759.91694079476
40,28,252639.9366759017
40,29,252520.16829322802
40,30,252399.98210884977
40,31,252279.97385259223
40,32,252160.02044473164
40,33,252039.9012948268
40,34,251919.94206399404
40,35,251799.91005834797
40,36,251680.05355297858
40,37,251560.11109358555
40,38,251440.02093448438
40,39,251320.0982581521
40,40,251200.04596858256
40,41,251080.1001138345
40,42,250959.98807714065
40,43,250839.8274028944
40,44,250720.11219637835
40,45,250600.13349458796
40,46,250479.92689239682
40,47,250360.1530269127
40,48,250239.92938471248
40,49,250120.08239225028
41,1,275560.9388975536
41,2,275438.03843273525
41,3,275315.0136498789
41,4,275191.8961292772
41,5,275069.12576073746
41,6,274945.98377318523
41,7,274823.0128659443
41,8,274700.1554536445
41,9,274576.9760318673
41,10,274453.85105532734
41,11,274330.8497611201
41,12,274207.9301104997
41,13,274085.03764096805
41,14,273961.96585010557
41,15,273839.0666298511
41,16,273715.8671176806
41,17,273592.82995845017
41,18,273470.0380396439
41,19,273346.97668253933
41,20,273223.99110824155
41,21,273100.9598249218
41,22,272978.0192193147
41,23,272854.95906211156
41,24,272731.99068225565
41,25,272608.862882354
41,26,272486.2455373265
41,27,272362.920605432
41,28,272240.1923694547
41,29,272117.0316895929
41,30,271994.03147385403
41,31,271871.11933402694
41,32,271747.96979522024
41,33,271624.95445136103
41,34,271502.0584215416
41,35,271378.9641425899
41,36,271255.7965660426
41,37,271132.9591195716
41,38,271010.11456192343
41,39,270887.2021612427
41,40,270763.9556163837
41,41,270641.00303038396
41,42,270518.0413540052
41,43,270394.93944651226
41,44,270272.00215891784
41,45,270148.90932380536
41,46,270026.085576401
41,47,269902.8708356429
41,48,269780.03986410605
41,49,269657.0132501313
42,1,296226.1326928439
42,2,296100.0118605961
42,3,295973.98880377394
42,4,295847.8394610051
42,5,295721.9479828916
42,6,295596.0843333705
42,7,295470.2733808823
42,8,295343.8948104156
42,9,295218.0085681183
42,10,295092.0162112142
42,11,294965.85072347766
42,12,294840.0156402879
42,13,294713.9861315369
42,14,294587.95503945416
42,15,294461.95476598915
42,16,294336.1130900449
42,17,294210.07764812186
42,18,294083.9257002725
42,19,293958.0575992802
42,20,293831.9574314101
42,21,293705.9975073197
42,22,293579.97797519574
42,23,293453.8235529564
42,24,293327.7879879602
42,25,293201.9245588611
42,26,293076.1825630198
42,27,292950.03848962364
42,28,292824.0930872306
42,29,292698.1726716513
42,30,292572.0041922778
42,31,292446.0408588525
42,32,292320.0236274276
42,33,292193.8746446768
42,34,292067.9491830611
42,35,291941.9948867151
42,36,291816.08688874036
42,37,291690.08024862397
42,38,291563.79952988983
42,39,291437.94959300244
42,40,291312.0211211022
42,41,291185.9561423555
42,42,291059.97071772336
42,43,290934.0500605763
42,44,290808.00611611974
42,45,290681.97208977694
42,46,290556.0017077576
42,47,290430.00114586647
42,48,290304.10478347004
42,49,290177.9352374924
43,1,317899.00884705625
43,2,317770.13157306466
43,3,317641.0570722886
43,4,317512.0832582397
43,5,317383.15678521775
43,6,317253.8660909045
43,7,317125.21863467403
43,8,316995.94228560006
43,9,316867.04276686034
43,10,316737.8719668274
43,11,316609.08431844943
43,12,316479.8015173415
43,13,316351.03912676027
43,14,316221.92573095637
43,15,316092.98568247544
43,16,315964.178605687
43,17,315834.8796489996
43,18,315706.07215072983
43,19,315577.0627356296
43,20,315447.92199743737
43,21,315319.0431378667
43,22,315189.98129160947
43,23,315060.85414702364
43,24,314931.85614637524
43,25,314802.966687819
43,26,314673.7835278672
43,27,314545.0620541761
43,28,314416.11094498483
43,29,314286.8451452654
43,30,314158.0264557077
43,31,314029.0079725305
43,32,313900.00830278196
43,33,313771.1092523515
43,34,313641.9540273018
43,35,313513.04071306036
43,36,313383.9388532536
43,37,313255.1133268376
43,38,313125.9794786795
43,39,312996.8639553403
43,40,312868.0116234785
43,41,312738.9261619385
43,42,312609.9924597443
43,43,312481.0880281158
43,44,312352.0614394611
43,45,312222.8210367542
43,46,312093.845445368
43,47,311965.0908913371
43,48,311835.97236231563
43,49,311706.8577982821
44,1,340603.924156611
44,2,340471.9536676779
44,3,340340.02159732167
44,4,340207.9638809109
44,5,340075.9350615836
44,6,339943.9598112856
44,7,339812.0876788123
44,8,339680.0451880043
44,9,339547.97361158143
44,10,339415.8981292316
44,11,339284.1077014236
44,12,339151.97337305994
44,13,339019.9153113239
44,14,338888.1026910635
44,15,338756.0409829625
44,16,338624.08395579614
44,17,338491.99099629524
44,18,338360.0240259854
44,19,338228.12275979336
44,20,338096.06320755224
44,21,337963.95231685863
44,22,337831.9611239568
44,23,337700.0857741508
44,24,337567.8810045916
44,25,337435.8996620176
44,26,337303.89042061893
44,27,337171.9548644654
44,28,337040.08541347436
44,29,336908.0305867474
44,30,336775.93526124605
44,31,336643.991911656
44,32,336511.95115844114
44,33,336379.89035965235
44,34,336247.97505107906
44,35,336116.0260026641
44,36,335984.0317034713
44,37,335851.9560775039
44,38,335720.0020573969
44,39,335588.100520797
44,40,335456.1747298948
44,41,335324.0484558188
44,42,335191.90534708067
44,43,335060.04909969406
44,44,334927.85134867526
44,45,334796.1295737665
44,46,334663.86952073465
44,47,334531.9996902747
44,48,334399.98705877917
44,49,334267.8024981889
45,1,364365.01912703534
45,2,364230.0123836199
45,3,364095.0318097292
45,4,363960.19085057126
45,5,363824.8969976458
45,6,363690.1078735977
45,7,363554.910537651
45,8,363420.1972490997
45,9,363284.9834391302
45,10,363150.2241093928
45,11,363014.8593717879
45,12,362880.1633985867
45,13,362744.9584080868
45,14,362610.1659419696
45,15,362475.18472260697
45,16,362340.06567217235
45,17,362205.03837388783
45,18,362070.03083263926
45,19,361934.9992607022
45,20,361799.8963761831
45,21,361665.18967464496
45,22,361530.0198816631
45,23,361395.0032372943
45,24,361259.8880873058
45,25,361124.9464175011
45,26,360989.954416418
45,27,360854.8917025844
45,28,360720.141517391
45,29,360584.9946806005
45,30,360449.8006345042
45,31,360315.07964839134
45,32,360180.04985585035
45,33,360045.16851973155
45,34,359910.12676098367
45,35,359775.0599259602
45,36,359639.98302594805
45,37,359504.98338697565
45,38,359369.9700751884
45,39,359234.8317679238
45,40,359100.101617252
45,41,358964.98959508416
45,42,358830.1294163943
45,43,358694.87948260864
45,44,358559.98741960555
45,45,358425.11051271606
45,46,358289.959240154
45,47,358155.1580007555
45,48,358019.90710207773
45,49,357884.8011331256
46,1,389206.1133540563
46,2,389068.05485704256
46,3,388929.9199897266
46,4,388791.79877444054
46,5,388653.99313879973
46,6,388515.93073709554
46,7,388378.09544265136
46,8,388239.98429921333
46,9,388101.9243883232
46,10,387964.19590921485
46,11,387825.75126000005
46,12,387687.97764476115
46,13,387550.1387263539
46,14,387412.0862655495
46,15,387273.9462547264
46,16,387135.94947013835
46,17,386998.1245383404
46,18,386860.05590157537
46,19,386722.1962428623
46,20,386584.10753361706
46,21,386445.9726839777
46,22,386308.0126781423
46,23,386170.18355400517
46,24,386031.9427233891
46,25,385894.0446571027
46,26,385756.0644325707
46,27,385617.8468723742
46,28,385480.0507150074
46,29,385342.0393686042
46,30,385204.10583005793
46,31,385065.8371492517
46,32,384928.16805515153
46,33,384790.1509622405
46,34,384651.70580426895
46,35,384513.9367842809
46,36,384376.095689641
46,37,384238.1284311313
46,38,384099.825213247
46,39,383961.8722346782
46,40,383824.148181033
46,41,383686.0979444913
46,42,383548.05602814315
46,43,383409.8792251324
46,44,383271.7743994948
46,45,383133.92266342323
46,46,382995.9128266934
46,47,382858.07687988115
46,48,382720.03602224524
46,49,382582.0569616069
47,1,415151.1205741809
47,2,415010.01311941387
47,3,414868.83381774387
47,4,414727.9265888673
47,5,414587.05320064066
47,6,414446.02901680185
47,7,414305.19180448365
47,8,414163.97658181447
47,9,414022.97490626294
47,10,413881.96394276107
47,11,413741.079967994
47,12,413599.944542185
47,13,413459.01776552905
47,14,413317.97852918936
47,15,413176.97854924365
47,16,413036.17144902615
47,17,412895.0884218771
47,18,412754.0405857845
47,19,412613.13476922247
47,20,412472.06479292596
47,21,412331.07275893475
47,22,412190.2358221752
47,23,412049.08550870285
47,24,411908.0600622664
47,25,411767.08282814757
47,26,411626.15593395446
47,27,411485.0001732784
47,28,411344.0099766888
47,29,411202.9952892223
47,30,411061.9993619673
47,31,410920.9650367912
47,32,410780.03525033756
47,33,410639.1548620216
47,34,410498.11741540063
47,35,410357.09590679564
47,36,410216.0025726995
47,37,410074.9353768068
47,38,409934.0407948258
47,39,409792.94347596006
47,40,409651.9094932094
47,41,409510.97744378314
47,42,409370.0221678202
47,43,409228.95508748986
47,44,409087.8732383038
47,45,408946.9742568669
47,46,408805.9446386341
47,47,408665.04868843127
47,48,408524.06464553386
47,49,408382.9129303922
48,1,442224.17244468123
48,2,442079.7930107912
48,3,441935.9010957754
48,4,441791.9807337989
48,5,441647.8670935115
48,6,441503.9576580378
48,7,441359.97290859773
48,8,441215.8571943472
48,9,441071.9535913264
48,10,440928.02189183404
48,11,440784.10106492863
48,12,440640.03591288184
48,13,440496.03861519287
48,14,440351.8554873455
48,15,440208.1165051235
48,16,440064.019704713
48,17,439920.0745108254
48,18,439775.9877815548
48,19,439631.9243063922
48,20,439488.25163068983
48,21,439344.0987101815
48,22,439200.1272697796
48,23,439055.972323256
48,24,438911.88090557465
48,25,438768.2077359458
48,26,438623.90083917306
48,27,438480.02965690463
48,28,438336.06500537944
48,29,438191.92017002025
48,30,438048.13911598764
48,31,437904.07513664645
48,32,437760.1746760342
48,33,437616.09659889614
48,34,437471.9290441956
48,35,437327.8967554814
48,36,437183.8123662841
48,37,437040.04099412274
48,38,436895.8897820604
48,39,436752.11344930145
48,40,436607.994620699
48,41,436464.106430623
48,42,436320.0196288484
48,43,436176.0249043463
48,44,436031.8968225693
48,45,435888.08962808334
48,46,435744.1675305786
48,47,435599.98234071926
48,48,435456.1396863484
48,49,435311.88244392554
49,1,470449.01225687726
49,2,470302.0751463194
49,3,470154.91448196024
49,4,470008.049084507
49,5,469860.94085969066
49,6,469714.1315089545
49,7,469567.06091215333
49,8,469419.9216513898
49,9,469273.03913018975
49,10,469125.9602582079
49,11,468979.08576410194
49,12,468831.88016327133
49,13,468685.02369683265
49,14,468537.81136742677
49,15,468391.15712706925
49,16,468243.8571776911
49,17,468097.07085201825
49,18,467950.0034203335
49,19,467803.0951358814
49,20,467655.89594875294
49,21,467508.88942691725
49,22,467362.0209020967
49,23,467214.9003407135
49,24,467068.0560607248
49,25,466921.0197868043
49,26,466773.92061576835
49,27,466627.1618880753
49,28,466480.11046784325
49,29,466333.026297902
49,30,466185.6987934496
49,31,466038.9354947961
49,32,465891.99015624326
49,33,465744.8724274663
49,34,465598.07331611647
49,35,465450.9517624505
49,36,465303.919428497
49,37,465156.81329055614
49,38,465009.93518480996
49,39,464863.04482107394
49,40,464716.07035477867
49,41,464568.81474376
49,42,464422.10775714554
49,43,464275.0878537366
49,44,464127.82197647286
49,45,463980.9819440142
49,46,463833.9468741651
49,47,463687.09098555375
49,48,463539.8927228249
49,49,463393.0066652021
