feat_01,feat_11,feat_02,feat_12,feat_03,feat_13,feat_04,feat_14,feat_05,feat_15,feat_06,feat_16,feat_07,feat_17,feat_08,feat_18,feat_09,feat_19,feat_10,feat_20,Accuracy
0.450856964,0.470482814,0.506206754,0.521987035,0.531277412,0.490292807,0.491859226,0.491867508,0.462087734,0.44644193,0.461977936,0.507364956,0.501143465,0.490003424,0.564212809,0.498473852,0.519980366,0.447373394,0.534998434,0.508591142,0.995960379
0.520603826,0.51313958,0.532422032,0.492991326,0.496405909,0.504666058,0.479422554,0.552104068,0.484319226,0.505179263,0.508162245,0.466428653,0.52340886,0.518399732,0.48728178,0.458149047,0.461819523,0.494581492,0.527847535,0.470265363,0.996084034
0.490671157,0.465488444,0.475292391,0.538066595,0.471115392,0.493034215,0.523499198,0.462445952,0.50174421,0.462761214,0.525146577,0.480610713,0.514065759,0.514358542,0.523580762,0.497779901,0.513538365,0.496518974,0.469153002,0.537881637,0.996089385
0.49768658,0.501178601,0.51661846,0.475434541,0.536658516,0.450003036,0.536215019,0.471323855,0.518215669,0.564718152,0.54414103,0.515727775,0.532943339,0.493358931,0.528235309,0.507951055,0.544805666,0.516943031,0.537012044,0.511374912,0.996091922
0.483837923,0.514520233,0.493230312,0.467760678,0.4466819,0.487434721,0.557392392,0.447521196,0.540998421,0.500275917,0.533408277,0.487284609,0.589815202,0.470493447,0.514314602,0.49749605,0.495871337,0.531532164,0.460476938,0.501610395,0.9961
0.493810896,0.514199997,0.471224275,0.439348589,0.534449655,0.518105535,0.478824403,0.461543026,0.482732431,0.455389087,0.50743939,0.484881072,0.528052996,0.505572593,0.487463202,0.488345027,0.512410246,0.529056619,0.515372619,0.545608064,0.996102493
0.511926768,0.494629985,0.546959492,0.521215071,0.491673865,0.479408974,0.440357494,0.458879501,0.460392716,0.486019714,0.516795801,0.459300887,0.496905762,0.48162283,0.491714903,0.50929342,0.492405198,0.512870354,0.497061652,0.54457992,0.995049724
0.492114503,0.5114791,0.435042466,0.52840516,0.518303496,0.503663911,0.525238214,0.487221458,0.467617072,0.489750948,0.475482826,0.483493248,0.529167643,0.528793572,0.481373169,0.537758129,0.495799575,0.460612597,0.476190258,0.439641489,0.996101928
0.514607386,0.493642862,0.563967679,0.508023778,0.526301504,0.49864276,0.467548255,0.515065004,0.614184182,0.539050839,0.48130638,0.53540382,0.55314978,0.508354112,0.527527071,0.53993469,0.545633003,0.493948947,0.486704836,0.502251021,0.996098901
0.487383342,0.483236185,0.511828549,0.487478207,0.44502343,0.493057054,0.475461201,0.512247531,0.499743348,0.509885797,0.495552684,0.511855403,0.491396813,0.507365707,0.484370248,0.528056097,0.507702505,0.499514511,0.506197346,0.506537003,0.996554795
0.492235051,0.470562276,0.523011987,0.424845542,0.508568882,0.454948689,0.444323895,0.48841635,0.480853594,0.49402875,0.501024045,0.527977211,0.458831159,0.539904701,0.498079972,0.458715742,0.491100962,0.52559441,0.485225488,0.470840192,0.996556011
0.488654536,0.462112095,0.484338085,0.483605054,0.493545409,0.499617876,0.492715739,0.493870825,0.522151647,0.497099312,0.483129789,0.461675327,0.465297879,0.502034647,0.525411183,0.559734855,0.504932332,0.461243165,0.529228724,0.525541007,0.996723887
0.505044586,0.551892099,0.46439962,0.524290406,0.532911527,0.471435484,0.52158815,0.447280398,0.525872092,0.528183831,0.517345054,0.511124201,0.486299241,0.488541301,0.531961792,0.515290297,0.520985047,0.466883814,0.503328171,0.39969219,0.994029891
0.522676724,0.454209093,0.453125112,0.494091209,0.507312829,0.503797544,0.538160881,0.521915447,0.496262317,0.484645932,0.536242115,0.485550382,0.489616616,0.468421803,0.519253663,0.493999227,0.532058518,0.487711229,0.54575209,0.51539534,0.996354201
0.463145861,0.511574409,0.517877517,0.458960228,0.482127617,0.51901649,0.458807759,0.516561737,0.520452497,0.502950542,0.492360056,0.461916901,0.511680206,0.518513975,0.476488662,0.557489118,0.505147022,0.54469483,0.503843522,0.489916109,0.996556757
0.539244285,0.559812853,0.477519609,0.525791337,0.470630146,0.522740027,0.497932038,0.495985305,0.54972361,0.503750226,0.453989787,0.524121471,0.468946173,0.503217163,0.491384258,0.518459941,0.486322068,0.522814063,0.501138211,0.504178827,0.996486523
0.451431946,0.48860746,0.509397531,0.551707939,0.512637961,0.476511867,0.51244122,0.472795979,0.478071019,0.4259567,0.533117493,0.542632701,0.470624388,0.46491925,0.498472503,0.56770191,0.507312145,0.510612336,0.47610873,0.491524244,0.996370296
0.492442404,0.552385481,0.513681789,0.507435951,0.513362834,0.497512902,0.514302836,0.457328862,0.522184909,0.538871529,0.499002105,0.512116427,0.47146408,0.489135836,0.509803577,0.558252679,0.502011151,0.508890569,0.48976556,0.501823161,0.996506107
0.536475134,0.483380174,0.457768258,0.537217526,0.474144163,0.473643757,0.527708559,0.537429919,0.45926549,0.518279679,0.465735399,0.50694018,0.502453813,0.51757411,0.522237645,0.533109123,0.452549477,0.507164601,0.506721936,0.506635396,0.996511498
0.449222351,0.509345089,0.527242206,0.537702667,0.461702223,0.43882949,0.498796834,0.448024493,0.423088831,0.47841811,0.464377045,0.439595138,0.488912575,0.516775711,0.535151393,0.502914887,0.489036246,0.479984198,0.52902592,0.541915319,0.996470425
0.487885194,0.519508946,0.461556888,0.475641784,0.52134557,0.529228774,0.48459574,0.508949225,0.434473485,0.516882245,0.533132702,0.514634239,0.511816366,0.514079687,0.509290349,0.49391285,0.499257829,0.491398369,0.451682967,0.557536447,0.994320257
0.48963407,0.518885479,0.518301773,0.48102453,0.515983665,0.437178723,0.486648012,0.486422421,0.446088964,0.530496724,0.468775152,0.47682747,0.475554555,0.511305569,0.539349369,0.471635308,0.513527128,0.509158367,0.489690069,0.507402068,0.996366048
0.48199223,0.531359434,0.5109089,0.498781882,0.435215146,0.485235416,0.488901176,0.48696128,0.483392732,0.453149431,0.504247614,0.495613495,0.518181546,0.534527003,0.489063073,0.49045733,0.503113699,0.464743563,0.491775121,0.525384947,0.994314815
0.505933751,0.454458549,0.500580148,0.520800073,0.521336558,0.527959863,0.517241544,0.532021196,0.495435135,0.527767079,0.476298774,0.48212642,0.460231166,0.5019925,0.469943525,0.498173076,0.512685638,0.525740859,0.543407119,0.484917248,0.996360686
0.546589427,0.548942845,0.493110227,0.467788953,0.533191277,0.478419024,0.521444746,0.466697982,0.466422427,0.43751221,0.5306712,0.506905253,0.501469508,0.519179122,0.480249279,0.55059659,0.504668677,0.551584483,0.513759103,0.472531107,0.996405592
0.498599059,0.511136796,0.482379488,0.509370441,0.488610442,0.466143767,0.485172636,0.487363368,0.48202449,0.546648389,0.526375572,0.495284667,0.500842938,0.52554454,0.487485554,0.505206263,0.473506239,0.560647691,0.501182181,0.454208054,0.996194573
0.532344229,0.520750327,0.440827939,0.51071466,0.50908672,0.46795408,0.471883979,0.474438447,0.543064111,0.462169561,0.492032957,0.508686844,0.534221294,0.493787345,0.483493336,0.484148498,0.478663121,0.498957607,0.49490558,0.528675524,0.996454334
0.527758784,0.530282939,0.483592093,0.47155151,0.471567331,0.460585663,0.471797357,0.524967307,0.488100836,0.502690301,0.48109868,0.466012412,0.476473543,0.498316011,0.507069906,0.544225639,0.517213001,0.526646338,0.520023926,0.536641547,0.996460011
0.498004215,0.447857107,0.451341856,0.486056121,0.470947806,0.456210067,0.513886359,0.435690519,0.469292908,0.462306348,0.543851032,0.516571021,0.50483961,0.482277435,0.497298631,0.530400168,0.494868144,0.549153716,0.516385437,0.46733088,0.996466407
0.515150087,0.518514248,0.477623589,0.530716687,0.491344455,0.507640363,0.470742685,0.46887194,0.47815834,0.475547033,0.477299577,0.505734094,0.518716366,0.520536558,0.50196513,0.479994687,0.433092547,0.484080327,0.481733821,0.504566974,0.996497403
0.528240925,0.557725,0.504353935,0.52673971,0.543454004,0.478805279,0.490747092,0.495854633,0.543851953,0.491396828,0.502227613,0.525515339,0.481186906,0.558463296,0.52701098,0.425846871,0.504276494,0.489604053,0.512450227,0.523751686,0.996406971
0.474214298,0.490271043,0.47856779,0.478060538,0.515600331,0.477040579,0.518467148,0.502536698,0.5140548,0.463184098,0.480894322,0.476823771,0.471804202,0.511855515,0.473129387,0.478406055,0.475177895,0.486845714,0.508511017,0.482641079,0.996438041
0.506965405,0.514819295,0.493649652,0.458543204,0.52392817,0.438428812,0.485496346,0.53923484,0.486530307,0.532061208,0.490050601,0.495988229,0.508569538,0.488095066,0.502463425,0.524202508,0.462168054,0.50949532,0.493748631,0.525578262,0.996445876
0.476973448,0.453269686,0.521579755,0.491682393,0.488885358,0.539676134,0.484249504,0.454063776,0.428659184,0.507450179,0.510775442,0.513606079,0.512330505,0.51187392,0.530834901,0.496535448,0.458785453,0.523970275,0.583538267,0.509595203,0.996473265
0.519419708,0.47963676,0.471588538,0.477644673,0.518655947,0.494326242,0.487873853,0.503457901,0.543835447,0.496357513,0.512503631,0.520718814,0.455876211,0.526251453,0.48647854,0.463449745,0.526069528,0.466791251,0.51655007,0.467995761,0.995671154
0.573214551,0.435494722,0.50441908,0.543046735,0.554190146,0.527389824,0.452157272,0.470371109,0.517823897,0.507636205,0.493575562,0.469229528,0.494877965,0.503570605,0.481316432,0.491963213,0.523636213,0.498737413,0.491625586,0.506560433,0.996403666
0.484025133,0.47501434,0.497102095,0.54324253,0.438547225,0.533290801,0.537434885,0.468306741,0.502023844,0.502938782,0.49349495,0.472772082,0.494576093,0.463480306,0.491515796,0.472569156,0.481539744,0.508232772,0.473470706,0.470586152,0.996392857
0.480955072,0.480812071,0.494016523,0.474778436,0.522760508,0.457029584,0.492214644,0.520103088,0.478872742,0.508442094,0.451230974,0.430982359,0.522515944,0.518749238,0.51648473,0.486232242,0.568178892,0.493195319,0.532829089,0.556742858,0.99638032
0.43737832,0.480051743,0.495203885,0.510129738,0.540300084,0.501723705,0.454639336,0.503272486,0.533066499,0.49260089,0.551069018,0.492166186,0.459448292,0.531578893,0.494262916,0.508442721,0.481874259,0.456162513,0.503515721,0.48712817,0.996369797
0.451663736,0.471729752,0.478069668,0.552062847,0.499383235,0.464303244,0.505436215,0.472093956,0.50329448,0.542128495,0.467629473,0.477211837,0.501235946,0.509301064,0.513785059,0.479733432,0.501978484,0.494953166,0.502967339,0.466425605,0.996361209
0.494371214,0.500412137,0.480799658,0.459798191,0.508762016,0.494544606,0.482671842,0.540548944,0.505947907,0.455544738,0.531072081,0.53588882,0.455864289,0.51807181,0.453016882,0.528310636,0.49683702,0.46647048,0.512741938,0.435189153,0.996368845
0.524462652,0.531447945,0.466066178,0.532379224,0.552754242,0.549407302,0.48882808,0.470659124,0.523144061,0.485077293,0.51812162,0.529852606,0.534917188,0.530375448,0.519142399,0.496470822,0.495027959,0.483578919,0.504440054,0.528662222,0.996329365
0.501031636,0.463211928,0.506792417,0.522495308,0.503265726,0.505860197,0.510856381,0.505318799,0.504108121,0.494035126,0.459050705,0.535039575,0.51910843,0.464988596,0.552364169,0.507107593,0.477968683,0.512855856,0.49761121,0.522059097,0.996353532
0.498127907,0.474033907,0.46674524,0.505450511,0.528724722,0.515095807,0.496036622,0.478954553,0.529786587,0.489717522,0.462419513,0.510866076,0.538447391,0.495125195,0.528491721,0.491634045,0.550859865,0.498610775,0.526500996,0.507922528,0.996345364
0.485432988,0.532792629,0.48826437,0.480323487,0.52014315,0.497524214,0.525422101,0.539688139,0.533734334,0.509510659,0.509567812,0.490949309,0.494958361,0.515490825,0.45661157,0.556848149,0.519518952,0.503964492,0.525116838,0.547977676,0.996352778
0.511264073,0.530470851,0.513370938,0.527376599,0.526879706,0.518399637,0.565813801,0.47071438,0.499676252,0.568228203,0.479979991,0.528354645,0.524311516,0.50547992,0.452405367,0.46862642,0.521300802,0.524477708,0.508132787,0.483462174,0.996346331
0.46851718,0.474359656,0.450521969,0.501964148,0.488564485,0.512033718,0.481371919,0.482237055,0.481083466,0.458914219,0.458220279,0.478519916,0.469361844,0.493095872,0.528177633,0.511764426,0.461266504,0.479147116,0.52879888,0.460765754,0.996324627
0.511119676,0.511459128,0.490218299,0.516242738,0.51664695,0.430148356,0.550298503,0.503167009,0.431586453,0.472407493,0.479782474,0.493932759,0.484226858,0.475956345,0.489627231,0.472818624,0.51092357,0.509758993,0.550455629,0.474909106,0.996316791
0.490661893,0.509959515,0.493187423,0.479286485,0.452473278,0.528200405,0.49801067,0.492738754,0.501768367,0.474291711,0.504177285,0.485631194,0.473281076,0.51472076,0.508334544,0.481194472,0.528085013,0.463532489,0.514368388,0.497857395,0.996281807
0.497545268,0.507413516,0.483518719,0.499708799,0.520508124,0.542696246,0.528969593,0.494774993,0.533286944,0.496352233,0.51927457,0.526953593,0.481041774,0.504813488,0.47981705,0.48109908,0.54713081,0.526903334,0.529827705,0.460582919,0.996303313
0.537793444,0.586150902,0.519720268,0.517081977,0.519714484,0.497245127,0.510878136,0.499334444,0.45713089,0.470776689,0.47138465,0.502425203,0.488450861,0.535766872,0.481066162,0.490430634,0.466148618,0.513186693,0.523902214,0.483682017,0.996284483
0.471272579,0.498144633,0.545570938,0.518598681,0.503582895,0.481331379,0.460402563,0.466741646,0.484889129,0.492611207,0.518156521,0.524696836,0.464515027,0.526563388,0.489689621,0.522151466,0.517173716,0.558628334,0.469232494,0.455735788,0.996281784
0.494500645,0.536866046,0.499392803,0.49226388,0.493879525,0.49537991,0.444802385,0.48514327,0.497073344,0.463855981,0.500714347,0.532339398,0.53193641,0.513345862,0.483666756,0.492995836,0.504947987,0.491068223,0.477560361,0.507136065,0.99627685
0.496859323,0.524518083,0.450325334,0.489236184,0.564607855,0.489909884,0.486994114,0.470592459,0.491611079,0.57835948,0.532525242,0.471835728,0.504968245,0.434767812,0.48388776,0.564138815,0.523729257,0.498758532,0.488459702,0.471149258,0.996296794
0.480946448,0.451571546,0.560666377,0.518860264,0.517853125,0.492949473,0.463239513,0.54583134,0.455081627,0.508734347,0.508875592,0.497175959,0.54012341,0.541492506,0.484888918,0.465203263,0.527147567,0.551371069,0.512407851,0.534120534,0.996243425
0.504378772,0.512561066,0.510000476,0.439688349,0.505467631,0.489720064,0.454772495,0.488169688,0.472996348,0.502615734,0.465450038,0.525253677,0.525463393,0.461287365,0.503065051,0.495637369,0.448585163,0.485249469,0.442770383,0.500394937,0.996250194
0.492840796,0.474194681,0.469586445,0.56952533,0.513569676,0.479898371,0.515843332,0.483400842,0.501945938,0.477762561,0.457606046,0.495607265,0.523515997,0.454504364,0.513899211,0.494165576,0.470651895,0.503756901,0.56483283,0.515527129,0.996224211
0.46255727,0.476218207,0.482928375,0.471111459,0.434953261,0.513157211,0.512432678,0.526111987,0.523774957,0.524989309,0.501502228,0.521620753,0.542343891,0.512548116,0.572607583,0.512479937,0.517524402,0.473712063,0.485879667,0.502929953,0.995947769
0.518444249,0.5531436,0.502523062,0.523572242,0.489556536,0.446527899,0.546866459,0.485679578,0.541678257,0.554702401,0.487135597,0.5222458,0.490245067,0.517606724,0.503258266,0.533703248,0.490792505,0.468153544,0.519986502,0.464387149,0.996206425
0.510038518,0.547303025,0.492190621,0.448674623,0.529057508,0.576217479,0.455342185,0.54954141,0.523424356,0.484024141,0.516733904,0.494497798,0.495415098,0.493477696,0.498136005,0.491559252,0.471036592,0.554328259,0.509411891,0.48131879,0.996214529
0.525333965,0.526643465,0.50853211,0.490007007,0.487439009,0.539618677,0.467529339,0.433937372,0.518479261,0.432120763,0.498072984,0.527218406,0.524176515,0.501566269,0.468917446,0.476407474,0.538229881,0.509198616,0.499139045,0.567227864,0.996212741
0.490561058,0.473272365,0.549099089,0.45504657,0.490468273,0.496464207,0.488039553,0.475700188,0.489258971,0.478095188,0.56672553,0.493307653,0.460105991,0.494437748,0.466181975,0.548963603,0.459115562,0.542399493,0.482961457,0.469691149,0.99615669
0.538629552,0.532410104,0.519667061,0.530315578,0.45989012,0.500697235,0.47377722,0.468460989,0.539180031,0.505694596,0.504091869,0.535803221,0.493528661,0.456788679,0.494512367,0.551829351,0.45855522,0.50478718,0.538833503,0.497561483,0.99618616
0.534809633,0.558448677,0.563151282,0.492609058,0.480429419,0.47858549,0.504726427,0.522426186,0.537147836,0.494079814,0.479877656,0.475048742,0.481862168,0.52696077,0.46435625,0.511109778,0.515781249,0.534443388,0.558745835,0.516707093,0.996204383
0.545715811,0.541624083,0.527060328,0.493160195,0.532136847,0.465882738,0.479474889,0.509279198,0.51386585,0.519327676,0.495613789,0.490745665,0.473066308,0.468276286,0.524258135,0.482193523,0.460174164,0.505807512,0.479240169,0.475427074,0.996191666
0.489196037,0.502785083,0.479484333,0.514329498,0.503094109,0.511590983,0.494530227,0.530346186,0.417827597,0.473205914,0.548984843,0.520505674,0.492953864,0.485778578,0.473541877,0.49799455,0.501274067,0.498736123,0.485542504,0.489746366,0.996200463
0.50699981,0.546034593,0.458604545,0.533931613,0.496132714,0.471805272,0.51695338,0.45150204,0.536563681,0.534510665,0.510156199,0.488364418,0.557709708,0.546945931,0.479718614,0.528841093,0.468890101,0.508568994,0.505507597,0.469377703,0.996198031
0.499689392,0.479236195,0.478500395,0.475421711,0.514264936,0.499689746,0.51248836,0.5598326,0.488675204,0.502586091,0.491818714,0.481873065,0.526010454,0.453727143,0.543346457,0.48766324,0.546804871,0.544287024,0.510571937,0.514838234,0.995402923
0.543238788,0.471128847,0.499762434,0.534184068,0.537104539,0.43900826,0.444292194,0.484198249,0.474380791,0.479389989,0.496508449,0.496052114,0.479406397,0.446024093,0.447799425,0.467880663,0.517311224,0.496688693,0.563713374,0.471358169,0.996119655
0.484483997,0.472004462,0.434747575,0.511825707,0.497195566,0.498785594,0.474824216,0.569384575,0.451724557,0.461514543,0.524957625,0.482058413,0.473885588,0.484316346,0.53599001,0.523764785,0.499463652,0.557048476,0.528475172,0.464427454,0.996126751
0.546610056,0.503366409,0.53350182,0.448679092,0.528496814,0.484533131,0.497337471,0.476117102,0.504663064,0.503408488,0.439279214,0.472888289,0.545407582,0.484977617,0.497432342,0.513012279,0.562786714,0.475044625,0.494567838,0.464361266,0.995103684
0.495590071,0.494211745,0.493254564,0.525292364,0.481588513,0.475622222,0.530684234,0.499699729,0.519934074,0.537972046,0.512990466,0.495993438,0.455350934,0.48821503,0.529096277,0.480237451,0.471340799,0.472501125,0.457407026,0.494490299,0.996112933
0.473896042,0.445021286,0.461740847,0.501022263,0.518566701,0.542279693,0.466762676,0.471955323,0.484248648,0.498636063,0.552046616,0.460229701,0.476059443,0.502792819,0.541025902,0.463369664,0.470905344,0.497499135,0.462405049,0.489885905,0.996120911
0.490014905,0.565378368,0.546298705,0.480626027,0.473955377,0.522389286,0.526617956,0.480066689,0.43543577,0.528430018,0.49204189,0.489539427,0.496491258,0.526322874,0.520790292,0.514525641,0.496599886,0.491701663,0.500274445,0.47277759,0.996102098
0.499072785,0.421247668,0.500539668,0.4657922,0.538832731,0.521470559,0.522406017,0.464586714,0.520943371,0.485060824,0.500042802,0.51066599,0.487372465,0.51346326,0.492565186,0.500503894,0.466511709,0.493005889,0.517189346,0.48337809,0.99609253
0.532929652,0.465163575,0.536202137,0.482987851,0.551781903,0.483623641,0.495397777,0.485110599,0.475125263,0.475393798,0.54674148,0.461378406,0.550096478,0.486541732,0.508771944,0.515690117,0.531395686,0.503094851,0.52716277,0.519415688,0.996100461
0.527402499,0.527079715,0.478074143,0.500590881,0.554212689,0.469561514,0.510545074,0.509232908,0.497547811,0.530750262,0.525611957,0.439052158,0.498123495,0.562755011,0.532048051,0.474176224,0.511325,0.515420214,0.500668089,0.561029378,0.996125205
0.452997293,0.512612784,0.519191515,0.478092285,0.504251368,0.488741773,0.499314794,0.482727893,0.498242283,0.524636045,0.488352962,0.521923725,0.534041932,0.524161309,0.485460172,0.526494803,0.426697924,0.524744445,0.429359346,0.468834653,0.996157713
0.53574322,0.471604784,0.506798642,0.574702181,0.510020899,0.539408888,0.48952614,0.473226501,0.583512666,0.510815358,0.505594252,0.512375295,0.514796713,0.476325215,0.519543072,0.492389894,0.507341594,0.487771113,0.477055988,0.530718838,0.996132258
0.506818579,0.481547357,0.513093736,0.434237248,0.50490454,0.48691218,0.509752254,0.510644876,0.527074995,0.534510129,0.527507761,0.502163727,0.525810287,0.480098691,0.505269202,0.491453555,0.545841159,0.476333712,0.484249587,0.482297302,0.996155918
0.49962607,0.522199696,0.462642196,0.529598519,0.500298733,0.475047884,0.501314008,0.509539788,0.507145959,0.475492688,0.494179122,0.505028298,0.51160813,0.533595114,0.509742761,0.514436477,0.557130465,0.472092354,0.472875245,0.512703439,0.996162589
0.471905247,0.544342558,0.540332239,0.542505126,0.516553228,0.511117255,0.528410024,0.514332637,0.473667371,0.490722966,0.475625787,0.492604202,0.479444958,0.460499631,0.499074886,0.509241739,0.520109419,0.505859425,0.509538565,0.490519321,0.996153114
0.502357426,0.465528033,0.54600495,0.459704336,0.458015643,0.500396826,0.497279932,0.481563888,0.489923482,0.485619175,0.53774315,0.50100011,0.51104363,0.521192035,0.469082003,0.502700732,0.492625554,0.568253003,0.478854041,0.496812555,0.993847819
0.490461709,0.446998601,0.553623841,0.531838329,0.498004426,0.479663074,0.463544842,0.533234439,0.546432994,0.45065484,0.527141923,0.496269922,0.544775762,0.494331515,0.524169024,0.491849491,0.515640336,0.510463509,0.541279169,0.506157296,0.996150448
0.443288796,0.532289888,0.505277769,0.487784422,0.507834123,0.467857711,0.521052742,0.519210848,0.480034299,0.510418353,0.50278641,0.492506337,0.519787074,0.473517202,0.47182356,0.541783021,0.532718133,0.500440549,0.548745857,0.488985846,0.996172309
0.493107482,0.516051057,0.486713406,0.506346123,0.499311137,0.496452457,0.464726091,0.420593735,0.504213764,0.507080339,0.490975876,0.510786466,0.496415084,0.509987496,0.551700954,0.447977323,0.568302726,0.491139761,0.476380134,0.51830626,0.995388477
0.506363887,0.509250679,0.477578664,0.495048943,0.472934219,0.487981775,0.500370297,0.517654077,0.487643954,0.48343699,0.478456009,0.456795721,0.498814579,0.473536792,0.517896178,0.510753958,0.510213105,0.491143499,0.507308592,0.492730222,0.996171569
0.492689245,0.496623595,0.489771021,0.539277793,0.476347592,0.52003178,0.430898959,0.493599361,0.493863748,0.499060966,0.467660677,0.502498586,0.488428086,0.573213579,0.476070235,0.543471121,0.498565152,0.502653213,0.498003727,0.49331614,0.996192488
0.50614364,0.472265831,0.533489707,0.500893586,0.50784184,0.484129642,0.512934271,0.479638112,0.492653018,0.48623701,0.460904705,0.493251229,0.449544492,0.513624502,0.509364446,0.529332809,0.463059555,0.524319004,0.504416084,0.438639115,0.996220327
0.53203297,0.560257503,0.473938757,0.502862045,0.526175993,0.460140135,0.531602581,0.500045723,0.508052625,0.520927834,0.505368436,0.52789696,0.496538866,0.53425967,0.559448401,0.506047243,0.497604089,0.502625916,0.497680111,0.482115724,0.996283951
0.52721995,0.439208192,0.527113253,0.511535683,0.527394423,0.53273171,0.508819222,0.474426324,0.511743737,0.46057867,0.518863189,0.490523943,0.463974256,0.474343088,0.492379055,0.508771231,0.464236186,0.469597068,0.43017563,0.488675651,0.996256098
0.502640352,0.547446825,0.488861902,0.521533182,0.504962386,0.4976205,0.445136412,0.5501487,0.497686603,0.498904203,0.519551689,0.47320328,0.511063393,0.490922044,0.482038321,0.532562592,0.477809023,0.551821562,0.522023564,0.50902874,0.99626506
0.473969829,0.529896971,0.509782799,0.484470903,0.540269194,0.479553156,0.513007137,0.539033813,0.471725115,0.452310137,0.50007137,0.557871496,0.597330079,0.498562425,0.478580256,0.45323378,0.484753241,0.474240912,0.535246077,0.554986381,0.99625
0.509956721,0.467453556,0.504118121,0.579393088,0.417453432,0.493990089,0.481490656,0.502725716,0.517795165,0.490984971,0.523662946,0.500637349,0.456022312,0.439414308,0.485472934,0.459578977,0.567807347,0.49621515,0.491906778,0.454323376,0.996235294
0.479734513,0.494367089,0.488878122,0.542434668,0.493368963,0.532310259,0.447695128,0.500738059,0.546592217,0.507404166,0.470071205,0.539925293,0.498780225,0.469132922,0.500303236,0.528396053,0.477209209,0.446231268,0.522790448,0.457619399,0.996139535
0.471570147,0.520063779,0.493244576,0.505248874,0.53724855,0.499453998,0.484191024,0.509546636,0.45381857,0.573532793,0.460893572,0.503948458,0.549154672,0.524529799,0.491483478,0.521631965,0.542822269,0.511960557,0.490369536,0.504714823,0.996275862
0.500720809,0.47018592,0.487627451,0.534003383,0.507694386,0.51691513,0.468304345,0.560733538,0.470679309,0.537233611,0.488212951,0.503162427,0.551830608,0.475903643,0.459534137,0.468515599,0.492609899,0.498601051,0.500528688,0.513366162,0.996272727
0.530847005,0.439028777,0.499108572,0.522720781,0.475003653,0.519342224,0.497325141,0.443931906,0.474572979,0.483146298,0.53147651,0.505866881,0.496867455,0.475806422,0.514798672,0.479588303,0.506356418,0.479836137,0.520053273,0.462748067,0.996269663
0.507363465,0.491074737,0.481776544,0.512310435,0.489775716,0.473359489,0.519258167,0.511506478,0.545775612,0.504521027,0.49202807,0.453085933,0.499433854,0.52557827,0.544085796,0.474000419,0.533984939,0.476938735,0.516627725,0.435457372,0.996244444
0.453556752,0.486782725,0.474399138,0.478609733,0.516797147,0.520292356,0.509725931,0.526535582,0.471066878,0.456035835,0.515974385,0.565867873,0.52626641,0.533581799,0.561320569,0.512547555,0.456205197,0.497731848,0.553524859,0.485859238,0.996230769
0.501859995,0.492991827,0.501036899,0.48154714,0.500033954,0.471785964,0.533944578,0.473627531,0.472291096,0.445201507,0.495371046,0.466066572,0.491255411,0.468571345,0.483718619,0.464845582,0.505384778,0.507661669,0.54739069,0.508696737,0.99625
0.544557544,0.547326876,0.512645031,0.475437115,0.48625955,0.544330287,0.476320987,0.471326114,0.507594431,0.451844814,0.514437659,0.548758563,0.506649432,0.463147162,0.50211152,0.555110212,0.50758838,0.479982485,0.495985435,0.469391609,0.996247312
0.491385448,0.494401563,0.499313787,0.489499871,0.528377894,0.505940718,0.505645401,0.543155822,0.454827813,0.521958423,0.521496757,0.519166689,0.466415613,0.55663831,0.49989363,0.551289864,0.487707761,0.571640265,0.494728284,0.566700605,0.996244681
0.506750551,0.444723675,0.468162077,0.459845972,0.483457167,0.496896102,0.540629325,0.502983754,0.521121545,0.496055227,0.507337072,0.505349676,0.481546485,0.482643972,0.519379278,0.500542258,0.472716643,0.492667686,0.485843401,0.504398089,0.996273684
0.471272938,0.504442559,0.520303656,0.488595217,0.476889815,0.490788773,0.476614829,0.495150008,0.495409782,0.518001079,0.462203297,0.525690432,0.514730987,0.508526475,0.463233459,0.558284613,0.502784007,0.496407585,0.461179215,0.528307073,0.996270833
0.518759521,0.512123702,0.515459569,0.489960171,0.472349173,0.477128728,0.520149757,0.535180814,0.501946429,0.503622464,0.60900639,0.548444784,0.557106125,0.524139407,0.508109289,0.478555651,0.511308768,0.51960682,0.497379657,0.510594133,0.996278351
0.497460732,0.493914209,0.500506169,0.537357252,0.515276844,0.516531755,0.484545848,0.560085858,0.49830319,0.513066118,0.459056766,0.482487177,0.503021374,0.531578507,0.509367211,0.477483528,0.506937308,0.484549099,0.50703737,0.477192171,0.99627551
0.486910541,0.469592796,0.520917711,0.52803746,0.477513891,0.560473531,0.508575298,0.485496176,0.467765557,0.504627764,0.475041581,0.530936218,0.488700697,0.552366424,0.504751819,0.485487706,0.525552861,0.412887497,0.494818891,0.504552836,0.996282828
0.499468387,0.541214478,0.537100103,0.494657168,0.461945635,0.530501696,0.524716977,0.468278273,0.443755567,0.554247552,0.495453122,0.539629753,0.506206468,0.565194316,0.462658668,0.508874782,0.491499983,0.50046026,0.533068858,0.476433971,0.9963
0.498645682,0.517993588,0.517034104,0.488748889,0.480489177,0.490915914,0.459306961,0.549426156,0.472055237,0.521031983,0.462285141,0.507292401,0.521986673,0.491088367,0.497254684,0.507468305,0.454701048,0.474254824,0.463057517,0.534380736,0.996316832
0.501441053,0.492224238,0.442657911,0.463147802,0.538802719,0.487217914,0.499205168,0.474703661,0.495178607,0.52674329,0.492547371,0.502303653,0.483685247,0.480180446,0.483225348,0.487578833,0.527965909,0.493514938,0.529927148,0.519602406,0.996294118
0.492227937,0.476829796,0.527421046,0.519281806,0.512157937,0.493607061,0.425621805,0.56357766,0.502538717,0.485165565,0.555587281,0.515245265,0.437602373,0.504500582,0.478310391,0.477193908,0.499934268,0.497936922,0.491524675,0.431792689,0.996300971
0.483353332,0.541910556,0.47072802,0.514150136,0.481091597,0.461099695,0.464647722,0.454111192,0.493034327,0.507571764,0.435019102,0.522732699,0.513373429,0.50646127,0.452029051,0.502064289,0.50090743,0.547667428,0.523286943,0.507337106,0.995663462
0.511745295,0.484191337,0.468069883,0.504012043,0.499561195,0.454892246,0.481672926,0.503516932,0.503090765,0.504126356,0.513486192,0.53576011,0.480186,0.519192086,0.525016387,0.534100641,0.471497638,0.494597304,0.533089284,0.477922554,0.996333333
0.522755933,0.536219727,0.514668931,0.498533859,0.470160429,0.509912144,0.47684849,0.520830157,0.528138116,0.457280692,0.528105688,0.523231931,0.509948608,0.510961617,0.484823094,0.507305105,0.445592574,0.520785142,0.515300739,0.465226227,0.996292453
0.488052031,0.466620776,0.418886383,0.510046437,0.547632753,0.527832896,0.478490244,0.472483514,0.514729113,0.484556252,0.520995408,0.505345611,0.516822599,0.479178869,0.490915471,0.485391533,0.474898934,0.478064368,0.494609463,0.476600437,0.994130841
0.522170936,0.446121178,0.474028431,0.525219315,0.565107268,0.526868069,0.503853799,0.445947674,0.505439851,0.551993579,0.505308348,0.507133085,0.524594751,0.473142606,0.494499682,0.452380734,0.54491764,0.527285113,0.490089326,0.503344238,0.996268519
0.489144516,0.51464211,0.496407659,0.484005572,0.490943261,0.496730866,0.439979391,0.48304715,0.468673345,0.507088397,0.478190441,0.5448917,0.485898333,0.510772457,0.516430513,0.566075993,0.488792361,0.491612279,0.507232608,0.4819776,0.996293578
0.46138583,0.482007482,0.517976671,0.513547126,0.511012715,0.486779399,0.51075513,0.547287252,0.510955055,0.494186176,0.521510382,0.446418756,0.494851591,0.486056249,0.478536324,0.521843368,0.51091012,0.479421187,0.524949801,0.468458076,0.996309091
0.488585112,0.507606877,0.506400805,0.498971707,0.52050648,0.49405316,0.48399386,0.52362073,0.488296199,0.501439762,0.509345156,0.454960892,0.512065547,0.477925372,0.460402859,0.5161731,0.559621432,0.519711593,0.526804286,0.47921174,0.99627027
0.474379329,0.500260644,0.473780797,0.48283299,0.497959363,0.490172203,0.525801914,0.504984039,0.5108853,0.488535765,0.47393497,0.453454012,0.530009852,0.496551585,0.516525441,0.470869688,0.512487484,0.50341219,0.517138872,0.527624675,0.996285714
0.527864522,0.537831706,0.482293782,0.482835381,0.472951451,0.478232699,0.501145017,0.547564007,0.523190218,0.502668445,0.514966097,0.478797184,0.491087325,0.488148433,0.446614285,0.469244423,0.481390138,0.484124643,0.516010083,0.481743883,0.996300885
0.445769498,0.473728021,0.46685118,0.501468293,0.576312906,0.478952084,0.467141848,0.464723828,0.513741245,0.469322826,0.485013667,0.495187456,0.485806677,0.489573346,0.527828053,0.469165111,0.543912292,0.467572904,0.566196913,0.475394889,0.996333333
0.46622859,0.527270419,0.523501097,0.534139654,0.499407022,0.5021646,0.453424346,0.531899456,0.546382107,0.489354525,0.452202062,0.471708776,0.48774487,0.509966433,0.527492789,0.507186511,0.504027609,0.466327676,0.451239126,0.496853098,0.996330435
0.500373758,0.471205005,0.514027992,0.457672288,0.481703149,0.452477316,0.50377751,0.443354328,0.546232543,0.522819403,0.441242997,0.476043565,0.528933577,0.511348572,0.469169827,0.46036115,0.532543373,0.476353076,0.49529205,0.491885955,0.996327586
0.513485023,0.533254992,0.473176076,0.504540927,0.503550435,0.49307556,0.427117293,0.49156182,0.547190872,0.49792425,0.515550736,0.5191583,0.48677373,0.53519592,0.506470652,0.514292335,0.52450394,0.508664715,0.516250281,0.481200255,0.996307692
0.498250145,0.473329465,0.530569161,0.486022243,0.451630509,0.467885517,0.51110832,0.534029531,0.463823948,0.473635146,0.458215184,0.486169009,0.504516549,0.513937447,0.47337159,0.519917929,0.51032631,0.494665988,0.488127224,0.478727321,0.996338983
0.465102018,0.513225961,0.468469758,0.517352507,0.493808904,0.473758567,0.505716845,0.474215857,0.513783221,0.548144045,0.503409903,0.497809536,0.524203755,0.507247471,0.471329008,0.483987242,0.484534438,0.492259358,0.540128787,0.461789893,0.996327731
0.481402119,0.548809709,0.498140091,0.509069675,0.507880593,0.463973072,0.530616505,0.495132813,0.493810632,0.511065036,0.462114922,0.496334847,0.480501323,0.497130027,0.545152992,0.478449822,0.475025372,0.481667968,0.501140201,0.49213353,0.996325
0.533380922,0.494613122,0.505894607,0.522065562,0.53006698,0.487762502,0.507099344,0.471456581,0.45533363,0.492754127,0.479107887,0.531040524,0.488632704,0.570623287,0.509347631,0.48628114,0.520849546,0.549770158,0.458115448,0.51747083,0.99466529
0.474045745,0.540341227,0.490922737,0.498059058,0.48539952,0.498682644,0.475648069,0.524123622,0.473578614,0.539643789,0.47144702,0.477860383,0.455020848,0.478840582,0.502070351,0.495970919,0.519757511,0.473023717,0.533646516,0.502326411,0.990663935
0.500797606,0.503714145,0.479875338,0.482147495,0.505891459,0.447101868,0.479422048,0.502865835,0.48885129,0.491292895,0.534690398,0.504480037,0.488824192,0.488454222,0.523399585,0.541096389,0.490830817,0.510543834,0.479775942,0.515659843,0.996308943
0.439334969,0.504688439,0.487962085,0.485616482,0.561100479,0.501855197,0.451707917,0.494996862,0.487613843,0.472963045,0.472682205,0.493086193,0.459433088,0.49339329,0.490421483,0.493767197,0.483201942,0.509852559,0.538902623,0.503019666,0.996274194
0.502314324,0.490141401,0.471921024,0.494561808,0.551907304,0.509591344,0.50358863,0.472411856,0.509044686,0.513279209,0.429945399,0.571186188,0.490471827,0.553685955,0.525314712,0.485111364,0.518514062,0.522074809,0.488740032,0.528719827,0.996272
0.513057929,0.50828039,0.468107704,0.515998362,0.528677831,0.526210862,0.484999716,0.484446692,0.528203447,0.537722018,0.510298259,0.507101481,0.475044658,0.47470046,0.481535146,0.549125615,0.473733118,0.494142887,0.567444095,0.490241858,0.996277778
0.476051583,0.451223848,0.483107877,0.464889137,0.521274996,0.454021396,0.461757232,0.531771677,0.503871003,0.518873082,0.471023295,0.484618652,0.556811038,0.492483984,0.513548698,0.488695788,0.510359388,0.494423878,0.496538344,0.483426349,0.994133859
0.454417193,0.490227851,0.477833765,0.504491673,0.446086277,0.473521296,0.46444268,0.508726061,0.457777365,0.4901386,0.534993692,0.501660033,0.505131619,0.464183821,0.4947667,0.512832418,0.490132312,0.487489599,0.506426494,0.463309252,0.996273438
0.507454698,0.520277488,0.474824747,0.461302223,0.520718692,0.483387788,0.454422653,0.49150483,0.497870996,0.507643078,0.461724998,0.513056005,0.495115397,0.508392668,0.518771313,0.485529471,0.465130865,0.551148832,0.482429196,0.473854328,0.99627907
0.563322186,0.522274177,0.463417247,0.477272433,0.572523262,0.522102404,0.464964601,0.465075501,0.470362492,0.471474034,0.487998285,0.545562712,0.457523981,0.503249352,0.465181142,0.503102129,0.52642329,0.491745981,0.479458545,0.516830365,0.996292308
0.506402691,0.488822082,0.526088293,0.517093297,0.527953932,0.494589486,0.492121404,0.480116567,0.50922697,0.508565108,0.506690622,0.545844979,0.50530018,0.504915701,0.503118391,0.513549391,0.496350538,0.445719083,0.478638023,0.491509914,0.996305344
0.518050709,0.492394721,0.496025317,0.461784482,0.514508437,0.490140683,0.476246108,0.53369456,0.53086931,0.512214449,0.515519886,0.508823554,0.453860566,0.530897565,0.480668277,0.522061816,0.503100339,0.505224119,0.466691275,0.494017432,0.996310606
0.544741843,0.506679827,0.505413875,0.47655402,0.523569009,0.531029424,0.486766578,0.51415724,0.488459267,0.53721257,0.490954404,0.497160783,0.492428123,0.548478047,0.484701769,0.514124268,0.483225083,0.503739024,0.526277897,0.521728673,0.996323308
0.481492348,0.511310405,0.502164819,0.527026866,0.514673305,0.541870406,0.481113804,0.433813897,0.507166256,0.527435152,0.467612435,0.591936097,0.493515375,0.480066738,0.468503672,0.495407014,0.484847793,0.473831621,0.517424417,0.497075683,0.996291045
0.506562157,0.567892344,0.48503455,0.536153647,0.474674614,0.428238689,0.533157941,0.469005585,0.491665456,0.524710832,0.455801373,0.512356567,0.534804776,0.514705957,0.437480241,0.559254325,0.531077253,0.550745424,0.526068236,0.467326107,0.993644445
0.532093442,0.481375629,0.436349994,0.544190027,0.483457786,0.532519764,0.515940805,0.537044672,0.520348614,0.468416051,0.506856567,0.49535579,0.502858044,0.508614861,0.521841292,0.503652646,0.486375444,0.525617126,0.464103511,0.446013025,0.994143383
0.526733071,0.501126812,0.487560433,0.49804201,0.515252746,0.524580755,0.49034897,0.476339863,0.499119388,0.498501029,0.482793021,0.479434569,0.497342703,0.500904683,0.510204576,0.526318807,0.524974871,0.479317513,0.534877953,0.472570209,0.994638686
0.510128894,0.459372092,0.46231867,0.491321779,0.514128326,0.463861995,0.476122438,0.499931393,0.488355743,0.50223865,0.46938669,0.482476201,0.527665778,0.520818528,0.479855591,0.470795866,0.458355668,0.481457023,0.448688891,0.513426845,0.996304348
0.491857214,0.462984572,0.522089096,0.445198006,0.504644203,0.521628312,0.483510316,0.481108902,0.508249906,0.525288486,0.523005571,0.477778013,0.52675813,0.488091933,0.488490572,0.51319506,0.456085555,0.478077113,0.491709332,0.526253145,0.996309353
0.490594082,0.478371801,0.526541759,0.497012421,0.501314245,0.471185927,0.47705668,0.504619893,0.504203944,0.490206958,0.52290969,0.51081197,0.479395686,0.526991424,0.482891473,0.44547779,0.504589593,0.507206773,0.511856052,0.507462142,0.996314286
0.45957846,0.532899019,0.541770046,0.477536335,0.534842678,0.48244196,0.509217153,0.500168267,0.481580333,0.537780436,0.479748092,0.459759189,0.527258533,0.522752217,0.466858014,0.468300469,0.538403976,0.505430554,0.547058265,0.512156372,0.996326241
0.506304644,0.504494443,0.510006896,0.538107912,0.485988158,0.48271473,0.452205933,0.510986793,0.467573147,0.572217733,0.470689197,0.524093347,0.47358455,0.465820144,0.562411572,0.522028014,0.535081017,0.468538293,0.467761305,0.490538732,0.992651409
0.518075997,0.514106807,0.518822032,0.532606635,0.530916694,0.481844246,0.44485168,0.47266454,0.501101737,0.504551103,0.480210262,0.512636651,0.537568872,0.476410562,0.494350487,0.508567405,0.53379694,0.506146308,0.530366246,0.456580648,0.995146853
0.500044596,0.539767121,0.49201634,0.489147879,0.481459319,0.527796463,0.450832742,0.472704018,0.482117141,0.515316594,0.516721924,0.448133293,0.468681253,0.528813415,0.474470809,0.488309541,0.502317156,0.506448914,0.499443072,0.553972429,0.996298611
0.451673896,0.513378914,0.575289769,0.491695777,0.466730174,0.475524303,0.527612233,0.486337353,0.455304075,0.549461952,0.525876768,0.5516157,0.444492406,0.430554627,0.548999558,0.499267493,0.46101968,0.497546149,0.48908387,0.510857871,0.996296552
0.419696998,0.529675628,0.497719965,0.50899859,0.463115173,0.520729695,0.479651949,0.499861622,0.508043554,0.504278287,0.545707212,0.507553425,0.533180239,0.484709156,0.480374345,0.470669319,0.525910125,0.536916811,0.51050556,0.544072533,0.991650685
0.52985005,0.479473646,0.465066958,0.529348471,0.53383007,0.509661559,0.500730484,0.502526176,0.498227932,0.506087744,0.461652516,0.505192304,0.569321907,0.552536008,0.512000807,0.488599393,0.452396022,0.520989543,0.507207253,0.510950707,0.996272109
0.532019195,0.496089642,0.492827855,0.484531959,0.489453721,0.517607916,0.46638013,0.571746317,0.450992822,0.46986186,0.50511258,0.567737226,0.491169472,0.46424758,0.504072523,0.519768735,0.503120996,0.474245851,0.520686569,0.479799007,0.996277027
0.532317993,0.522785214,0.489048709,0.501742519,0.487851385,0.466270293,0.468118986,0.531872245,0.480286888,0.453123104,0.504647547,0.498398795,0.528121012,0.512878223,0.581598764,0.508267787,0.448581338,0.529847226,0.467079689,0.466242581,0.993124161
0.506083634,0.473266277,0.481757058,0.457211622,0.492159246,0.47442751,0.486160779,0.475641924,0.461472399,0.484397997,0.476876508,0.514160412,0.519759599,0.502966029,0.474786809,0.467356262,0.506825195,0.509880012,0.503494309,0.482203726,0.99626
0.487939162,0.472993295,0.485955726,0.519703295,0.552480377,0.484945734,0.481053631,0.517343696,0.537440989,0.491711257,0.468399875,0.505757097,0.475565272,0.464381762,0.47484879,0.496997194,0.541942449,0.500056668,0.528613979,0.557598195,0.993129139
0.480276871,0.456443932,0.51178133,0.484186202,0.525547255,0.479501276,0.498759217,0.56236032,0.503779922,0.468021097,0.559863345,0.442430129,0.48075561,0.504876113,0.492530423,0.458866667,0.476054435,0.519072618,0.497694752,0.522115361,0.99625
0.480336791,0.469154871,0.489664963,0.521087013,0.512801769,0.496077306,0.518438377,0.489593961,0.467908302,0.520496233,0.48671925,0.457381834,0.483986019,0.534544481,0.504988202,0.54332859,0.49596531,0.49835734,0.497435136,0.534135014,0.996228758
0.555701831,0.525019498,0.529993368,0.522485178,0.477864295,0.535375354,0.540850692,0.511226461,0.515124382,0.567338937,0.447192388,0.497790839,0.514114715,0.467813974,0.547030687,0.47730659,0.523368105,0.461046715,0.534082935,0.537196038,0.99624026
0.471799496,0.51135033,0.51778178,0.523750762,0.560348034,0.51159773,0.505121525,0.467495306,0.487822834,0.490729956,0.544581457,0.485167398,0.454942867,0.505143596,0.524619718,0.530728207,0.516887209,0.478855273,0.485946563,0.530516203,0.99623871
0.517366114,0.528036341,0.502616083,0.440207025,0.4779668,0.519957629,0.514022514,0.512213995,0.500835777,0.511098396,0.434655793,0.532190086,0.444243689,0.51722104,0.435915559,0.487898923,0.469215286,0.519793574,0.481551278,0.535138764,0.996237179
0.4387163,0.543389366,0.513001694,0.470199768,0.511970241,0.493938644,0.503122074,0.48611204,0.534058138,0.49637723,0.468789636,0.459549634,0.525413804,0.53288323,0.491693108,0.542763374,0.546570693,0.500385972,0.499592245,0.458866207,0.996248408
0.535631343,0.465369412,0.50948782,0.516635389,0.522983185,0.533363146,0.495468432,0.546609734,0.51213514,0.476990041,0.546418814,0.520607411,0.515435794,0.457857185,0.513569902,0.480489689,0.521334551,0.539176969,0.475587731,0.486852609,0.996240506
0.438573584,0.490497125,0.503314257,0.504011315,0.487613439,0.461597985,0.483761517,0.496881489,0.486416199,0.509095031,0.475116411,0.507460587,0.524431374,0.484552998,0.478068366,0.530098608,0.484722375,0.465994319,0.501504923,0.511685939,0.996201258
0.492121408,0.421437903,0.553619461,0.497783849,0.48216064,0.468556976,0.478990946,0.509965938,0.443781548,0.47761709,0.51249447,0.532420272,0.476015288,0.475756358,0.525644174,0.471321746,0.490574019,0.484499589,0.469369063,0.528343901,0.99620625
0.537778096,0.507353973,0.509794146,0.499499107,0.495761759,0.496254818,0.475610754,0.518540325,0.534116519,0.517177643,0.532599913,0.516903767,0.510482229,0.509789584,0.503087365,0.488858733,0.479120747,0.490902213,0.529925918,0.476203527,0.996204969
0.488552982,0.496676102,0.495111453,0.506282113,0.532808498,0.4830484,0.526714661,0.517494264,0.438782277,0.505446285,0.5451466,0.512726412,0.456744504,0.457167117,0.47964559,0.49686432,0.48636055,0.446698238,0.469050438,0.494583059,0.996209877
0.479525092,0.516346873,0.51256423,0.513661718,0.534550937,0.496405002,0.499574178,0.524678969,0.461742005,0.490433147,0.516669448,0.452077156,0.484029737,0.484554685,0.472350512,0.471192127,0.485092491,0.440420131,0.518551892,0.458091836,0.996214724
0.477853141,0.52648672,0.50546275,0.502723483,0.542852388,0.455782841,0.488818158,0.484330467,0.484152683,0.448714523,0.466783821,0.507645648,0.538540256,0.520060368,0.496484306,0.506801836,0.485213052,0.436529275,0.468991055,0.51342053,0.995109756
0.487439246,0.486468749,0.501362364,0.532418382,0.488693416,0.533275377,0.489129666,0.505564927,0.500533729,0.498824357,0.449962376,0.537858968,0.500611567,0.476252495,0.497137896,0.505668247,0.556571951,0.506013921,0.533060983,0.510784821,0.996175758
0.505609674,0.416018785,0.546977255,0.49638827,0.505113633,0.495589692,0.49635074,0.497050205,0.505277894,0.438481254,0.477391223,0.45213111,0.539448427,0.480884999,0.456049559,0.50866526,0.481728168,0.478387509,0.533438181,0.515979765,0.996180723
0.493675873,0.431206797,0.530733116,0.53715391,0.49550677,0.507232842,0.52012984,0.512733941,0.463432865,0.489476723,0.451447026,0.46873563,0.49663524,0.511193646,0.457793294,0.520025978,0.524708339,0.47361943,0.56531818,0.506616198,0.996173653
0.531464689,0.505906347,0.478070437,0.546428503,0.482984295,0.495460133,0.524009389,0.471331299,0.479428987,0.478111418,0.46980557,0.526812603,0.556078763,0.460524098,0.498324193,0.516370765,0.47810367,0.503798143,0.526190996,0.519741509,0.996184524
0.505145976,0.473534069,0.426135547,0.453723946,0.491559496,0.500903807,0.469688131,0.53088431,0.495594526,0.51200082,0.498030066,0.515493321,0.487677976,0.486900133,0.515209985,0.492410262,0.508473518,0.524493958,0.530876873,0.510036188,0.996183432
0.450907376,0.533431499,0.462773483,0.497366598,0.537006477,0.476339379,0.500385266,0.459958495,0.454022632,0.503576414,0.482709876,0.514357969,0.450239871,0.54347916,0.46644288,0.516436193,0.479320203,0.531698659,0.52008553,0.464684338,0.996188235
0.516058331,0.493089998,0.483030366,0.473337898,0.491225505,0.470530314,0.531930478,0.497604416,0.532789807,0.481674366,0.504151017,0.540071616,0.471893725,0.504191906,0.515032923,0.424889503,0.506179523,0.534936298,0.517055406,0.495969842,0.996192982
0.511281306,0.555523689,0.483011636,0.483611269,0.504633637,0.442574913,0.476199003,0.534994354,0.531753497,0.542194921,0.507495421,0.482984843,0.51403879,0.4819618,0.468189452,0.505432034,0.467935584,0.513716593,0.551181037,0.490747721,0.993090117
0.501499008,0.534179721,0.482414599,0.510860668,0.550808363,0.452319468,0.527455496,0.51348222,0.48378901,0.506170301,0.477184569,0.486844366,0.491279327,0.470809162,0.514898023,0.519149572,0.489392517,0.507864901,0.48165191,0.505420308,0.996196532
0.489923872,0.533840807,0.493390811,0.525026558,0.510455114,0.4728036,0.494221128,0.498282015,0.517311419,0.486623254,0.459107767,0.478541376,0.48780271,0.510750925,0.482756275,0.454617567,0.541669689,0.538925093,0.520258407,0.498269103,0.996206897
0.488538041,0.507325679,0.48596137,0.559836906,0.531781672,0.531126347,0.492458456,0.512471657,0.460582475,0.517697141,0.530416732,0.499416935,0.500400119,0.54984015,0.515826068,0.507525727,0.484600786,0.527177627,0.496326559,0.577559489,0.996217143
0.504003096,0.499164618,0.577746595,0.563455611,0.551606028,0.524759806,0.498116721,0.497924683,0.508722728,0.548522169,0.484831809,0.498533978,0.472192072,0.507862159,0.507541552,0.515738127,0.531266692,0.478477345,0.52335458,0.506316609,0.996193182
0.506584049,0.510111342,0.484400792,0.480712887,0.469223774,0.493271049,0.535353923,0.49467192,0.513122497,0.50841173,0.492311711,0.487844498,0.481319676,0.508734151,0.500073617,0.496756288,0.534607009,0.534720449,0.480495788,0.554046657,0.996175141
0.491689993,0.487272451,0.415545677,0.489554529,0.496184332,0.505005136,0.517282014,0.445596322,0.479864756,0.486754712,0.510016788,0.46926567,0.531539047,0.54040262,0.50552703,0.50793364,0.498674154,0.536167188,0.516530734,0.447348348,0.996174157
0.448405599,0.513062176,0.499668765,0.464884881,0.472503729,0.488860163,0.556254518,0.514159762,0.517767991,0.470215864,0.474300364,0.512064763,0.531172833,0.492309399,0.498392984,0.545137109,0.506349327,0.477992407,0.501911253,0.479882068,0.996150838
0.452848483,0.577328078,0.499517031,0.520288711,0.525334085,0.527552767,0.485445675,0.484672309,0.516839063,0.505179125,0.443022361,0.494094967,0.536795159,0.502670647,0.479762608,0.532387958,0.497949326,0.444150026,0.480499615,0.540660548,0.996155556
0.485940963,0.538450409,0.525063376,0.502641976,0.501744158,0.520908088,0.510424959,0.506535771,0.456999604,0.449436795,0.478215902,0.522460117,0.521326565,0.505553457,0.462950188,0.537074156,0.515005016,0.482635249,0.50045956,0.534060229,0.993080111
0.531211125,0.513415634,0.526770078,0.430756414,0.529644551,0.458238596,0.489729044,0.475299687,0.502033636,0.515292605,0.519022802,0.504151674,0.524016218,0.497014296,0.515700607,0.519467646,0.550108863,0.565327862,0.50069207,0.515508781,0.996175824
0.450734578,0.510474392,0.480708671,0.498967297,0.504187291,0.504430823,0.51894806,0.518585746,0.503660255,0.521313797,0.492964556,0.526050536,0.515652361,0.495463884,0.504061719,0.476701769,0.500083644,0.487111636,0.549937382,0.459132947,0.996169399
0.519816029,0.448545636,0.533161179,0.516436307,0.495094924,0.519597713,0.481193172,0.446229044,0.487978378,0.495558002,0.528326539,0.511033953,0.488777729,0.485370359,0.52526217,0.49607227,0.513917062,0.485263158,0.468807103,0.526574654,0.991081522
0.497498113,0.485658442,0.539770522,0.504956141,0.498617417,0.597020474,0.52270131,0.440868932,0.526466165,0.493652784,0.463357697,0.54389807,0.512472028,0.460762188,0.49026312,0.493924782,0.507786219,0.48021528,0.44579019,0.505419419,0.996162162
0.489517217,0.493259963,0.451426439,0.482625319,0.519137263,0.494023966,0.490935221,0.574497435,0.506185565,0.486024949,0.489939169,0.545104525,0.531920887,0.471008065,0.482459634,0.543400545,0.423858801,0.526035133,0.508620753,0.48037553,0.996155914
0.540702899,0.490289314,0.518788679,0.492476346,0.522340197,0.529057376,0.531297992,0.464932086,0.526086098,0.496851376,0.456029474,0.502089101,0.545878664,0.484935633,0.545479483,0.499886335,0.483690561,0.527028642,0.490715085,0.494206469,0.996149733
0.50696776,0.511159606,0.478137969,0.440772328,0.479246028,0.423303405,0.47451434,0.521006175,0.494673806,0.491040923,0.474865604,0.467785527,0.508605037,0.503406146,0.549382758,0.480615796,0.511394358,0.53157264,0.517795536,0.482236142,0.996154255
0.512571069,0.506665279,0.509589162,0.517249627,0.513387015,0.453938089,0.543093411,0.529250749,0.496595067,0.50241275,0.505051795,0.458233503,0.508120677,0.530286752,0.476413134,0.502877368,0.490869937,0.517300889,0.531929947,0.540059483,0.996153439
0.461655989,0.552085736,0.525059566,0.510564656,0.497848508,0.492505116,0.490340871,0.551436642,0.527569734,0.469527569,0.49523316,0.496899074,0.506884763,0.478796358,0.505423972,0.500670525,0.524827976,0.458392826,0.462263375,0.478150298,0.996168421
0.475339918,0.437934826,0.470152526,0.519231721,0.5070314,0.511787407,0.438726522,0.454562271,0.483108776,0.538719593,0.543732885,0.428774399,0.481533879,0.537470781,0.449340437,0.53010593,0.492469912,0.519319696,0.424843929,0.48685845,0.996162304
